Company Name,CityU URL,Company Website,Email
3D printing low-carbon ecological concrete,https://www.cityu.edu.hk/hktech300/start-ups/seed-fund-teams/3d-printing-low-carbon-ecological-concrete,No Info Found,No Info Found
5th Immersiv,https://www.cityu.edu.hk/hktech300/start-ups/seed-fund-teams/5th-immersiv,https://brideunionhk.com/,martin@bride-union.com
6J Biotechnology (Hong Kong) Limited,https://www.cityu.edu.hk/hktech300/start-ups/angel-fund-teams/6j-biotechnology,http://www.6jbiotech.com/,qzhang@6jbiotech.com
A-TCMS (Autonomous Tire Condition Monitoring System),https://www.cityu.edu.hk/hktech300/start-ups/seed-fund-teams/a-tcms,No Info Found,No Info Found
A.I. Ambassador (Virtual Receptionist) kiosk solution,https://www.cityu.edu.hk/hktech300/start-ups/seed-fund-teams/ai-ambassador,https://www.innocorn.com/,info@innocorn.com
A3-ml Ltd,https://www.cityu.edu.hk/hktech300/start-ups/seed-fund-teams/a3-ml,No Info Found,director@a3-ml.com
ABCDYi,https://www.cityu.edu.hk/hktech300/start-ups/seed-fund-teams/abcdyi,No Info Found,hello@abcdyi.net
Accessible Vision,https://www.cityu.edu.hk/hktech300/start-ups/seed-fund-teams/accessible-vision,No Info Found,No Info Found
Accucision,https://www.cityu.edu.hk/hktech300/start-ups/seed-fund-teams/accucision,No Info Found,accucisionhk@gmail.com
Aeroponics King,https://www.cityu.edu.hk/hktech300/start-ups/seed-fund-teams/aeroponics-king,No Info Found,aeroponicsking@gmail.com
AESIR Institute Limited,https://www.cityu.edu.hk/hktech300/start-ups/angel-fund-teams/aesir,https://www.aesir.hk/seriousgame.html,aesirhkservice@gmail.com
Aestrio,https://www.cityu.edu.hk/hktech300/start-ups/seed-fund-teams/aestrio,https://www.aestrio.com,No Info Found
AFJ – TutorGPT,https://www.cityu.edu.hk/hktech300/start-ups/seed-fund-teams/afj-tutorgpt,No Info Found,No Info Found
Aflame E-SOC,https://www.cityu.edu.hk/hktech300/start-ups/seed-fund-teams/aflame-e-soc,No Info Found,aflamehk@gmail.com
AI Doodle,https://www.cityu.edu.hk/hktech300/start-ups/seed-fund-teams/ai-doodle,No Info Found,No Info Found
AI Guided Limited,https://www.cityu.edu.hk/hktech300/start-ups/seed-fund-teams/ai-guided-limited,No Info Found,No Info Found
AI Mnemonic,https://www.cityu.edu.hk/hktech300/start-ups/seed-fund-teams/ai-mnemonic,https://www.aimnemonic.com/,admin@aimnemonic.com
AI Motion Logistics Limited,https://www.cityu.edu.hk/hktech300/start-ups/angel-fund-teams/ai-motion-logistics-limited,No Info Found,info_aiml@yeah.net
AI Pet Tailor,https://www.cityu.edu.hk/hktech300/start-ups/seed-fund-teams/ai-pet-tailor,https://www.youtube.com/watch?v=hOE_1hR-gOc,petpet.tailor@gmail.com
AI+Web3 – Demand Abstraction Crypto Wallet Based on AI,https://www.cityu.edu.hk/hktech300/start-ups/seed-fund-teams/aiweb3-demand-abstraction-crypto-wallet-based-ai,No Info Found,demandabstraction@gmail.com
AI-based strategy to predict vascular biological age and disease risks,https://www.cityu.edu.hk/hktech300/start-ups/seed-fund-teams/ai-based-strategy-to-predict-vascular-biological-age-and-disease-risks,No Info Found,Andy.ckcheng@cityu.edu.hk
AI-Driven Insurtech Platform,https://www.cityu.edu.hk/hktech300/start-ups/seed-fund-teams/ai-driven-insurtech-platform,https://wp.insurtech.hk/,tim.lo@mln.hk
AI-Learn – AI-sen-sei,https://www.cityu.edu.hk/hktech300/start-ups/seed-fund-teams/ai-learn-ai-sen-sei,No Info Found,No Info Found
AI-SMS,https://www.cityu.edu.hk/hktech300/start-ups/seed-fund-teams/ai-sms,No Info Found,No Info Found
AI-Tech Robot Arm,https://www.cityu.edu.hk/hktech300/start-ups/seed-fund-teams/ai-tech-robot-arm,No Info Found,leolth14@gmail.com
AI2Farm,https://www.cityu.edu.hk/hktech300/start-ups/seed-fund-teams/ai2farm,No Info Found,hello.ai2farm@gmail.com
AIMSec: AI-powered Mobile Security,https://www.cityu.edu.hk/hktech300/start-ups/seed-fund-teams/aimsec,No Info Found,cs.ylchen@my.cityu.edu.hk
AiR World Limited,https://www.cityu.edu.hk/hktech300/start-ups/angel-fund-teams/air-world-limited,https://www.air-world.io/,gm@air-world.io
Airgie – Next Generation Air Monitoring,https://www.cityu.edu.hk/hktech300/start-ups/seed-fund-teams/airgie-next-generation-air-monitoring,No Info Found,airgie.ai@gmail.com
AIRmotion,https://www.cityu.edu.hk/hktech300/start-ups/seed-fund-teams/airmotion,No Info Found,wes.chu.stork@gmail.com
AirTech IoT Limited,https://www.cityu.edu.hk/hktech300/start-ups/airtech-iot-limited,https://www.airtech-iot.com/,cs@airtech-iot.com
AISG Group Limited,https://www.cityu.edu.hk/hktech300/start-ups/angel-fund-teams/aisg-group,No Info Found,chan@aisggroup.com
ALAM,https://www.cityu.edu.hk/hktech300/start-ups/seed-fund-teams/alam,No Info Found,Contact@alam.eco
Albacastor Technology Limited,https://www.cityu.edu.hk/hktech300/start-ups/albacastor-technology-limited,https://www.albacastor.com/,info@albacastor.com
Alcarbo Technologies Limited,https://www.cityu.edu.hk/hktech300/start-ups/angel-fund-teams/alcarbo-technologies,https://www.alcarbotechnologies.com.hk/,alcarbotechnologies@gmail.com
AlephWill Studio Limited – Rehab-Admin System,https://www.cityu.edu.hk/hktech300/start-ups/seed-fund-teams/alephwill-studio-limitted,No Info Found,hello@alephwill.com
Alfred24,https://www.cityu.edu.hk/hktech300/start-ups/alfred24,https://www.alfred24.com.hk/,christian.secci@alfred24.com
AlgaeBase,https://www.cityu.edu.hk/hktech300/start-ups/seed-fund-teams/algaebase,No Info Found,techsealtd@gmail.com
Algo.852,https://www.cityu.edu.hk/hktech300/start-ups/seed-fund-teams/algo852,No Info Found,finengine.algo@gmail.com
AlgoGraph,https://www.cityu.edu.hk/hktech300/start-ups/seed-fund-teams/algograph,No Info Found,kakitam0105@gmail.com
Alpha AI Technology Limited,https://www.cityu.edu.hk/hktech300/start-ups/angel-fund-teams/alphaaiauto,https://alphaaiauto.com/,desmond@alphaaiauto.com
Alpha Eco,https://www.cityu.edu.hk/hktech300/start-ups/seed-fund-teams/alpha-eco,No Info Found,tktsang34-c@my.cityu.edu.hk
Alphabag,https://www.cityu.edu.hk/hktech300/start-ups/seed-fund-teams/alphabag,https://www.alphabag.com,enquiry@alphabag.com
AlphaESG,https://www.cityu.edu.hk/hktech300/start-ups/seed-fund-teams/alphaesg,No Info Found,No Info Found
Alternative Treatment for Alzheimer’s Disease by Reducing Beta-amyloid Accumulation: a Small Molecule Approach,https://www.cityu.edu.hk/hktech300/start-ups/seed-fund-teams/small-molecule-approach,No Info Found,yijunxu5-c@my.cityu.edu.hk
AnalyticX,https://www.cityu.edu.hk/hktech300/start-ups/seed-fund-teams/analyticx,https://analyticx.online,analyticx@gmail.com
Angel Pet – PETS & PAW,https://www.cityu.edu.hk/hktech300/start-ups/seed-fund-teams/angel-pet-pets-paw,No Info Found,No Info Found
animo,https://www.cityu.edu.hk/hktech300/start-ups/seed-fund-teams/animo,No Info Found,fc@animo.com.hk
AniTech Limited,https://www.cityu.edu.hk/hktech300/start-ups/angel-fund-teams/anitech,http://www.anitech.hk/,gkumar@anitech.hk
ANRim,https://www.cityu.edu.hk/hktech300/start-ups/seed-fund-teams/anrim,No Info Found,No Info Found
Anti-Allergy Food Club,https://www.cityu.edu.hk/hktech300/start-ups/seed-fund-teams/anti-allergy-food-club,No Info Found,No Info Found
Anti-Recruitment-Fraud Bot,https://www.cityu.edu.hk/hktech300/start-ups/seed-fund-teams/anti-recruitment-fraud-bot,No Info Found,No Info Found
AptaTech,https://www.cityu.edu.hk/hktech300/start-ups/seed-fund-teams/aptatech,No Info Found,beatrice.lsy0429@gmail.com
AquaCos,https://www.cityu.edu.hk/hktech300/start-ups/seed-fund-teams/aquacos,No Info Found,sindick10@yahoo.com.hk
Aquatech Asia Limited,https://www.cityu.edu.hk/hktech300/start-ups/angel-fund-teams/aquatech-asia-limited,No Info Found,aquatechasia.hk@gmail.com
ARBELE Limited,https://www.cityu.edu.hk/hktech300/start-ups/angel-fund-teams/arbele-limited,https://www.arbelebio.com/eng/home,annie@arbelebio.com
ArchiTech,https://www.cityu.edu.hk/hktech300/start-ups/seed-fund-teams/architech,No Info Found,architech0802@gmail.com
ARCS,https://www.cityu.edu.hk/hktech300/start-ups/seed-fund-teams/arcs,No Info Found,stechgroup2022@gmail.com
AREIX Analytics Limited,https://www.cityu.edu.hk/hktech300/start-ups/angel-fund-teams/areix,https://areix-ai.com,hellohk@areix-ai.com
ArkalaFarmers,https://www.cityu.edu.hk/hktech300/start-ups/seed-fund-teams/arkalafarmers,No Info Found,No Info Found
Arogrena,https://www.cityu.edu.hk/hktech300/start-ups/seed-fund-teams/arogrena,No Info Found,Arogrena@hotmail.com
Art Tech Bay,https://www.cityu.edu.hk/hktech300/start-ups/seed-fund-teams/art-tech-bay,http://www.arttechbay.com/,info@arttechbay.com
Artificial Intelligence - Safety Working Platform,https://www.cityu.edu.hk/hktech300/start-ups/seed-fund-teams/artificial-intelligence-safety-working-platform,http://intellemanly.com/,chiang918@gmail.com
Arvin – Speaking AI,https://www.cityu.edu.hk/hktech300/start-ups/seed-fund-teams/arvin,No Info Found,skylarhimmel.research@gmail.com
AR_DRAMA,https://www.cityu.edu.hk/hktech300/start-ups/seed-fund-teams/ar-drama,No Info Found,bschung2-c@my.cityu.edu.hk
ASA Robotics Limited,https://www.cityu.edu.hk/hktech300/start-ups/angel-fund-teams/asa-robotics-limited,https://www.asa-robotics.com/,contact@asa-robotics.com
Asia Digital Asset Club,https://www.cityu.edu.hk/hktech300/start-ups/seed-fund-teams/asia-digital-asset-club,https://linktr.ee/asiadigitalassetclub,info@asiadigitalassetclub.com
Askpire,https://www.cityu.edu.hk/hktech300/start-ups/seed-fund-teams/askpire,https://www.askpire.com/,general@askpire.com
ATEC Film Technologies Limited,https://www.cityu.edu.hk/hktech300/start-ups/atec-film-technologies-limited,No Info Found,admin@atechk.com
Attitude sensing system for heavy machinery,https://www.cityu.edu.hk/hktech300/start-ups/seed-fund-teams/attitude-sensing-system,No Info Found,Shudong_wang@outlook.com
Attofund,https://www.cityu.edu.hk/hktech300/start-ups/seed-fund-teams/attofund,No Info Found,No Info Found
AudioGeeks – MuGEN,https://www.cityu.edu.hk/hktech300/start-ups/seed-fund-teams/audiogeeks-mugen,No Info Found,No Info Found
AuthBlock — Web3 Application Infrastructure,https://www.cityu.edu.hk/hktech300/start-ups/seed-fund-teams/authblock,https://www.authblock.io/,connect@authblock.io
Autofill Bot,https://www.cityu.edu.hk/hktech300/start-ups/seed-fund-teams/autofill-bot,No Info Found,danielto@ionestep.com
Automatic battery thermal control system,https://www.cityu.edu.hk/hktech300/start-ups/seed-fund-teams/automatic-battery-thermal-control-system,No Info Found,silehu2-c@my.cityu.edu.hk
AWIL Group – All Walks,https://www.cityu.edu.hk/hktech300/start-ups/seed-fund-teams/awil-group-all-walks,No Info Found,No Info Found
BA-RHMS (Band-Aid Railway Health Monitoring System),https://www.cityu.edu.hk/hktech300/start-ups/seed-fund-teams/ba-rhms,No Info Found,No Info Found
BacMed,https://www.cityu.edu.hk/hktech300/start-ups/seed-fund-teams/bacmed,No Info Found,No Info Found
Bag Plus,https://www.cityu.edu.hk/hktech300/start-ups/seed-fund-teams/bag-plus,No Info Found,bagplus852@gmail.com
Ball PB,https://www.cityu.edu.hk/hktech300/start-ups/seed-fund-teams/ball-pb,No Info Found,business@ballpb.com
BARK,https://www.cityu.edu.hk/hktech300/start-ups/seed-fund-teams/bark,No Info Found,No Info Found
Bee Prepared,https://www.cityu.edu.hk/hktech300/start-ups/seed-fund-teams/bee-prepared,https://beeprepared.info/,tony.wong@beeprepared.info
Begain,https://www.cityu.edu.hk/hktech300/start-ups/seed-fund-teams/begain,No Info Found,surisho1102@gmail.com
Belun Technology Company Limited,https://www.cityu.edu.hk/hktech300/start-ups/angel-fund-teams/beluntech,https://beluntech.com/,info@beluntech.com
Bettery,https://www.cityu.edu.hk/hktech300/start-ups/seed-fund-teams/bettery,No Info Found,shuxue3-c@my.cityu.edu.hk
Bioinspired Topological Skin,https://www.cityu.edu.hk/hktech300/start-ups/seed-fund-teams/bioinspired-topological-skin,No Info Found,wanboli@cityu.edu.hk
Biolot,https://www.cityu.edu.hk/hktech300/start-ups/seed-fund-teams/biolot,No Info Found,xxz020928@gmail.com
BioMetallica,https://www.cityu.edu.hk/hktech300/start-ups/seed-fund-teams/biometallica,No Info Found,No Info Found
BITHON,https://www.cityu.edu.hk/hktech300/start-ups/seed-fund-teams/bithon,No Info Found,No Info Found
BIY Smoothie Love,https://www.cityu.edu.hk/hktech300/start-ups/seed-fund-teams/biy-smoothie-love,No Info Found,smoothiebyblendit@gmail.com
Blockchain Credit Platform,https://www.cityu.edu.hk/hktech300/start-ups/seed-fund-teams/blockchain-credit-platform,No Info Found,Info@prestare.finance
Blook,https://www.cityu.edu.hk/hktech300/start-ups/seed-fund-teams/blook,https://www.blook.co/,wayne@blook.co
BNET-TECH Company Limited,https://www.cityu.edu.hk/hktech300/start-ups/angel-fund-teams/bnet-tech,https://bnet-tech.com,info@bnet-tech.com
Bookit,https://www.cityu.edu.hk/hktech300/start-ups/seed-fund-teams/bookit,No Info Found,bookithongkong@gmail.com
Botanique,https://www.cityu.edu.hk/hktech300/start-ups/seed-fund-teams/botanique,No Info Found,No Info Found
BOXS Limited,https://www.cityu.edu.hk/hktech300/start-ups/angel-fund-teams/boxs-limited,https://boxs.hk/,cs@boxs.hk
Boxtalk Media Limited,https://www.cityu.edu.hk/hktech300/start-ups/seed-fund-teams/boxtalk-media-limited,No Info Found,toby.wayland@gmail.com
BridgeImpact,https://www.cityu.edu.hk/hktech300/start-ups/seed-fund-teams/bridgeimpact,No Info Found,No Info Found
BUCHA LIMITED – BUCHA KING,https://www.cityu.edu.hk/hktech300/start-ups/seed-fund-teams/bucha-limited-bucha-king,No Info Found,No Info Found
Bud Silver Tech,https://www.cityu.edu.hk/hktech300/start-ups/seed-fund-teams/bud-silver-tech,No Info Found,budsilvertech@gmail.com
BudsAlike,https://www.cityu.edu.hk/hktech300/start-ups/seed-fund-teams/budsalike,https://budsalike.com,stimuli@budsalike.com
Building a leading Asia   Retailtainment Franchise,https://www.cityu.edu.hk/hktech300/start-ups/seed-fund-teams/building-leading-asia-retailtainment-franchise,https://sportopia.io/,info@sportopia.io
Building Useable and Smarter Security Services for FinTech,https://www.cityu.edu.hk/hktech300/start-ups/seed-fund-teams/useable-and-smarter-security-services-for-fintech,No Info Found,wtteue@gmail.com
BusinessPsyche,https://www.cityu.edu.hk/hktech300/start-ups/seed-fund-teams/businesspsyche,https://businesspsyche.io/,info@businesspsyche.io
Call Call Taxi Hailing System,https://www.cityu.edu.hk/hktech300/start-ups/seed-fund-teams/call-call-taxi-hailing-system,No Info Found,micheria@easycharge.com.hk
Cally Technology Limited,https://www.cityu.edu.hk/hktech300/start-ups/angel-fund-teams/cally-technology,No Info Found,Callytech.ltd@gmail.com
Can-Cure,https://www.cityu.edu.hk/hktech300/start-ups/seed-fund-teams/can-cure,No Info Found,huangcali2-c@my.cityu.edu.hk
Canpanion Group Limited,https://www.cityu.edu.hk/hktech300/start-ups/seed-fund-teams/canpanion-group-limited,https://canpaniongroup.com/,No Info Found
Carful Group Limited,https://www.cityu.edu.hk/hktech300/start-ups/angel-fund-teams/carful-group-limited,https://carful.asia,cs@carful.hk
CASHON,https://www.cityu.edu.hk/hktech300/start-ups/seed-fund-teams/cashon,https://www.cashonnet.io/,No Info Found
Castfact Limited,https://www.cityu.edu.hk/hktech300/start-ups/angel-fund-teams/castfact-limited,No Info Found,castfacthk@gmail.com
Cat Limited,https://www.cityu.edu.hk/hktech300/start-ups/angel-fund-teams/cattech,https://www.cattech.io/,info@cattech.io
Catnip,https://www.cityu.edu.hk/hktech300/start-ups/seed-fund-teams/catnip,No Info Found,No Info Found
Cell-based bioassay platform for rapid toxicity testing,https://www.cityu.edu.hk/hktech300/start-ups/seed-fund-teams/cell-based-bioassay-platform-for-rapid-toxicity-testing,No Info Found,yitenxia@cityu.edu.hk
Central Dogma,https://www.cityu.edu.hk/hktech300/start-ups/seed-fund-teams/central-dogma,No Info Found,lab.project.elina@gmail.com
Certifi,https://www.cityu.edu.hk/hktech300/start-ups/seed-fund-teams/certifi,No Info Found,ProjectCertifi@protonmail.com
CF Group,https://www.cityu.edu.hk/hktech300/start-ups/seed-fund-teams/cf-group,No Info Found,cfgroup.hk@gmail.com
CHAKFOTO Technology Limited Company,https://www.cityu.edu.hk/hktech300/start-ups/angel-fund-teams/chakfoto-technology-limited-company,https://www.chakfoto.com/,info@chakfoto.com
ChatChatBuy,https://www.cityu.edu.hk/hktech300/start-ups/seed-fund-teams/chatchatbuy,https://chatchatbuy.com,info@chatchatbuy.com
CheckMate,https://www.cityu.edu.hk/hktech300/start-ups/seed-fund-teams/checkmate,https://checkmatehk.io/,team@checkmatehk.io
CheckPoint,https://www.cityu.edu.hk/hktech300/start-ups/seed-fund-teams/checkpoint,No Info Found,manktong5-c@my.cityu.edu.hk
Cheng Zhe Innovator,https://www.cityu.edu.hk/hktech300/start-ups/seed-fund-teams/cheng-zhe-innovator,No Info Found,No Info Found
ChiMed Bee,https://www.cityu.edu.hk/hktech300/start-ups/seed-fund-teams/chimedbee,No Info Found,chimedbee@gmail.com
Chinese AIGC Group – ChinAITalk,https://www.cityu.edu.hk/hktech300/start-ups/seed-fund-teams/chinese-aigc-group-chinaitalk,No Info Found,chinaitalk.official@gmail.com
Chinese Speech Training System,https://www.cityu.edu.hk/hktech300/start-ups/seed-fund-teams/chinese-speech-training-system,No Info Found,brickforbig@gmail.com
Chop Chop Chop,https://www.cityu.edu.hk/hktech300/start-ups/seed-fund-teams/chop-chop-chop,No Info Found,Chopchopchop767@gmail.com
Cimple Biotechnology Limited,https://www.cityu.edu.hk/hktech300/start-ups/cimple-biotechnology-limited,No Info Found,No Info Found
CircularNFT,https://www.cityu.edu.hk/hktech300/start-ups/seed-fund-teams/circularnft,No Info Found,No Info Found
CityChain,https://www.cityu.edu.hk/hktech300/start-ups/seed-fund-teams/citychain,No Info Found,No Info Found
CityPro,https://www.cityu.edu.hk/hktech300/start-ups/seed-fund-teams/citypro,No Info Found,No Info Found
Clos3t Labs,https://www.cityu.edu.hk/hktech300/start-ups/seed-fund-teams/clos3t-labs,No Info Found,No Info Found
Cloud Kitchen,https://www.cityu.edu.hk/hktech300/start-ups/seed-fund-teams/cloud-kitchen,No Info Found,No Info Found
CLS Environmental Technologies Ltd,https://www.cityu.edu.hk/hktech300/start-ups/angel-fund-teams/carbonlitesystem,https://carbonlitesystem.com/,info@carbonlitesystem.com
CodeMasters – DevGenius,https://www.cityu.edu.hk/hktech300/start-ups/seed-fund-teams/codemasters-devgenius,No Info Found,No Info Found
Coffee Cat,https://www.cityu.edu.hk/hktech300/start-ups/seed-fund-teams/coffee-cat,No Info Found,coffeecat.hello@gmail.com
Colab,https://www.cityu.edu.hk/hktech300/start-ups/seed-fund-teams/colab,No Info Found,No Info Found
Collage,https://www.cityu.edu.hk/hktech300/start-ups/seed-fund-teams/collage,No Info Found,info@collagehk.com
ColorPixel (Hong Kong) Company Limited,https://www.cityu.edu.hk/hktech300/start-ups/angel-fund-teams/colorpixel-company-limited,https://about.colorverse.social/,support@colorverse.social
Columbo Tech,https://www.cityu.edu.hk/hktech300/start-ups/seed-fund-teams/columbo-tech,No Info Found,meixuanli8-c@my.cityu.edu.hk
CombCure,https://www.cityu.edu.hk/hktech300/start-ups/seed-fund-teams/combcure,No Info Found,zachazhao2-c@my.cityu.edu.hk
ComFlex Technologies,https://www.cityu.edu.hk/hktech300/start-ups/seed-fund-teams/comflex-technologies,No Info Found,khkoh23@gmail.com
COMPASS Health Technology,https://www.cityu.edu.hk/hktech300/start-ups/seed-fund-teams/compass-health-technology,No Info Found,jiannan.yang@my.cityu.edu.hk
Comprehensive open community for pet owners,https://www.cityu.edu.hk/hktech300/start-ups/seed-fund-teams/comprehensive-open-community-pet-owners,No Info Found,jocelynyang98@gmail.com
Computer-Aided PROTAC Drug Design,https://www.cityu.edu.hk/hktech300/start-ups/seed-fund-teams/computer-aided-protac-drug-design,http://www.protac.hk/,neo.sun@my.cityu.edu.hk
Concatenate,https://www.cityu.edu.hk/hktech300/start-ups/seed-fund-teams/concatenate,No Info Found,No Info Found
Concerto,https://www.cityu.edu.hk/hktech300/start-ups/seed-fund-teams/concerto,No Info Found,Calvin.wan@concerto-group.com
ConCheck,https://www.cityu.edu.hk/hktech300/start-ups/seed-fund-teams/concheck,No Info Found,No Info Found
Connect,https://www.cityu.edu.hk/hktech300/start-ups/seed-fund-teams/connect,No Info Found,aboken2-c@my.cityu.edu.hk
Const,https://www.cityu.edu.hk/hktech300/start-ups/seed-fund-teams/const,No Info Found,No Info Found
Construction Progress & Quality Management System,https://www.cityu.edu.hk/hktech300/start-ups/seed-fund-teams/snervenet,https://snervenet.com/,snervenet@gmail.com
ConstruCTV,https://www.cityu.edu.hk/hktech300/start-ups/seed-fund-teams/constructv,No Info Found,anthonycstsang@gmail.com
ConTech Spark,https://www.cityu.edu.hk/hktech300/start-ups/seed-fund-teams/contech-spark,https://www.metasonia.com/,info@metasonia.com
Continuous Blood Pressure Imaging Based on Multispectrual Tonoarteriography (MSTAG) and Lensless Camera Technology,https://www.cityu.edu.hk/hktech300/start-ups/seed-fund-teams/continuous-blook-pressure-imaging,No Info Found,No Info Found
Convatic,https://www.cityu.edu.hk/hktech300/start-ups/seed-fund-teams/convatic,No Info Found,No Info Found
COO,https://www.cityu.edu.hk/hktech300/start-ups/seed-fund-teams/coo,No Info Found,No Info Found
Cooki,https://www.cityu.edu.hk/hktech300/start-ups/seed-fund-teams/cooki,No Info Found,aiseekcooki@gmail.com
Cool-mall Technology Limited,https://www.cityu.edu.hk/hktech300/start-ups/angel-fund-teams/cool-mall,http://www.cool-mall.com/,admin@cool-mall.com
Cooldk,https://www.cityu.edu.hk/hktech300/start-ups/seed-fund-teams/cooldk,No Info Found,Pikyanng6-c@my.cityu.edu.hk
CoolRadiant Technology,https://www.cityu.edu.hk/hktech300/start-ups/seed-fund-teams/coolradiant-technology,No Info Found,No Info Found
Coraleus Limited,https://www.cityu.edu.hk/hktech300/start-ups/angel-fund-teams/coraleus-limited,https://www.coraleus.com,patrick.wong@coraleus.com
CorD,https://www.cityu.edu.hk/hktech300/start-ups/seed-fund-teams/cord,No Info Found,Cordeliachong.icon@gmail.com
Corpbot,https://www.cityu.edu.hk/hktech300/start-ups/seed-fund-teams/corpbot,No Info Found,info@corpbot.io
Cosmic Hydrogen Energy,https://www.cityu.edu.hk/hktech300/start-ups/seed-fund-teams/cosmic-hydrogen-energy,No Info Found,cosmichydrogen@gmail.com
Coursefy,https://www.cityu.edu.hk/hktech300/start-ups/seed-fund-teams/coursefy,No Info Found,No Info Found
Coverbase,https://www.cityu.edu.hk/hktech300/start-ups/seed-fund-teams/coverbase,https://www.coverbase.io/,char@cloudian.com.hk
Credenshow,https://www.cityu.edu.hk/hktech300/start-ups/seed-fund-teams/credenshow,https://CredenShow.com,contact@CredenShow.com
Cryptocert,https://www.cityu.edu.hk/hktech300/start-ups/seed-fund-teams/cryptocert,No Info Found,angela@cryptocert.one
Curabo,https://www.cityu.edu.hk/hktech300/start-ups/seed-fund-teams/curabo,No Info Found,curabotech@gmail.com
Curltai – DATQA,https://www.cityu.edu.hk/hktech300/start-ups/seed-fund-teams/curltai-datqa,No Info Found,No Info Found
Cyber Interior Designbot,https://www.cityu.edu.hk/hktech300/start-ups/seed-fund-teams/cyber-interior-designbot,No Info Found,No Info Found
D.I.Y. Negative Pressure Air Shield Device for Elderly Homes,https://www.cityu.edu.hk/hktech300/start-ups/seed-fund-teams/diy-negative-pressure-air-shield-device,No Info Found,ken.miao@cityu.edu.hk
Da Tong,https://www.cityu.edu.hk/hktech300/start-ups/seed-fund-teams/da-tong,No Info Found,No Info Found
DAIOTA All-in-one integrated data and sensor iPaaS solution,https://www.cityu.edu.hk/hktech300/start-ups/seed-fund-teams/daiota,https://visutech.asia/,info@visutech.asia
Data Analysis for Web3 (DAW),https://www.cityu.edu.hk/hktech300/start-ups/seed-fund-teams/data-analysis-web3-daw,No Info Found,longman@daw.global
Datality Lab Limited,https://www.cityu.edu.hk/hktech300/start-ups/angel-fund-teams/datality-lab,https://datalitylab.com/,info@datalitylab.com
DataLouder Company Limited,https://www.cityu.edu.hk/hktech300/start-ups/angel-fund-teams/datalouder,https://datalouder.com/,admin@datalouder.com
Dayson,https://www.cityu.edu.hk/hktech300/start-ups/seed-fund-teams/dayson,No Info Found,No Info Found
DAYTA AI,https://www.cityu.edu.hk/hktech300/start-ups/angel-fund-teams/dayta-ai,https://www.dayta.ai/,info@dayta.ai
Deep Immune,https://www.cityu.edu.hk/hktech300/start-ups/seed-fund-teams/deep-immune,No Info Found,wxueying31@gmail.com
Deep-Rx,https://www.cityu.edu.hk/hktech300/start-ups/seed-fund-teams/deep-rx,No Info Found,No Info Found
DeepGreen,https://www.cityu.edu.hk/hktech300/start-ups/seed-fund-teams/deepgreen,No Info Found,dliu@u.nus.edu
DeepSeq2Drug,https://www.cityu.edu.hk/hktech300/start-ups/seed-fund-teams/deepseq2drug,http://deepseq2drug.cs.cityu.edu.hk/,weidunxie2-c@my.cityu.edu.hk
define CLEAN,https://www.cityu.edu.hk/hktech300/start-ups/define-clean,https://www.defineclean.co/,info@defineclean.co
Delivery Ape,https://www.cityu.edu.hk/hktech300/start-ups/seed-fund-teams/delivery-ape,https://deliveryape.com.hk/,matthew.kwok@deliveryape.com.hk
DeltaDeFi,https://www.cityu.edu.hk/hktech300/start-ups/seed-fund-teams/deltadefi,No Info Found,No Info Found
Dentell,https://www.cityu.edu.hk/hktech300/start-ups/seed-fund-teams/dentell,No Info Found,svobbilis2-c@my.cityu.edu.hk
Designhub,https://www.cityu.edu.hk/hktech300/start-ups/seed-fund-teams/designhub,No Info Found,No Info Found
Development of anticancer drug candidates using synthetic biology,https://www.cityu.edu.hk/hktech300/start-ups/seed-fund-teams/development-of-anticancer-drug,No Info Found,combiomics@gmail.com
Digital traffic-management platform for low-altitude urban drone delivery,https://www.cityu.edu.hk/hktech300/start-ups/seed-fund-teams/digital-traffic-management-platform,No Info Found,x.y.he@my.cityu.edu.hk
Digital Twin Technologies on Equine & Horse Welfare Management,https://www.cityu.edu.hk/hktech300/start-ups/seed-fund-teams/equine-and-horse-welfare-management,No Info Found,fatima.waheed007@gmail.com
Digital Universal Network,https://www.cityu.edu.hk/hktech300/start-ups/seed-fund-teams/digital-universal-network,No Info Found,No Info Found
Digital Vision Brands Holdings Limited,https://www.cityu.edu.hk/hktech300/start-ups/angel-fund-teams/digital-vision-brands-holdings-limited,https://www.digitalvisionbrands.com/,partnership@digitalvisionbrands.com
Doctech HK Limited,https://www.cityu.edu.hk/hktech300/start-ups/doctech-hk-limited,No Info Found,info@doctech-group.com
DoctorDwelling,https://www.cityu.edu.hk/hktech300/start-ups/seed-fund-teams/doctordwelling,No Info Found,hkcozyspark@gmail.com
Dory iGarden Ltd.,https://www.cityu.edu.hk/hktech300/start-ups/angel-fund-teams/dory-igarden,No Info Found,dory.igarden@gmail.com
Dotato,https://www.cityu.edu.hk/hktech300/start-ups/seed-fund-teams/dotato,https://dotato.hk/,No Info Found
dpAuth,https://www.cityu.edu.hk/hktech300/start-ups/seed-fund-teams/dpauth,https://www.dpauth.com/,regan@decenpay.com
Dr Nature,https://www.cityu.edu.hk/hktech300/start-ups/seed-fund-teams/dr-nature,No Info Found,drnatureltd@gmail.com
Dr Skin,https://www.cityu.edu.hk/hktech300/start-ups/seed-fund-teams/dr-skin,No Info Found,liujie.jay98@gmail.com
"Dream Aquaculture, Help Farming (DAHF)",https://www.cityu.edu.hk/hktech300/start-ups/seed-fund-teams/dream-aquaculture-help-farming-dahf,No Info Found,No Info Found
DROP System,https://www.cityu.edu.hk/hktech300/start-ups/seed-fund-teams/drop-system,https://dropsystem.io,No Info Found
E Farm Biotech Limited,https://www.cityu.edu.hk/hktech300/start-ups/angel-fund-teams/e-farm-biotech,http://efb.com.hk/,contact@efb.com.hk
E-Painter,https://www.cityu.edu.hk/hktech300/start-ups/seed-fund-teams/e-painter,No Info Found,No Info Found
E-Predictor – AI prediction & simulation for building energy consumption and carbon emissions,https://www.cityu.edu.hk/hktech300/start-ups/seed-fund-teams/e-predictor,No Info Found,epredictor@ewota.com
E2Pilot,https://www.cityu.edu.hk/hktech300/start-ups/seed-fund-teams/e2pilot,No Info Found,junyan.su@my.cityu.edu.hk
E3A Healthcare Pte Limited,https://www.cityu.edu.hk/hktech300/start-ups/e3a-healthcare-pte-limited,https://e3ahealth.com/,info@e3ahealth.com
EacyCar,https://www.cityu.edu.hk/hktech300/start-ups/seed-fund-teams/eacycar,No Info Found,eacycar@gmail.com
EARS,https://www.cityu.edu.hk/hktech300/start-ups/seed-fund-teams/ears,No Info Found,hqing2-c@my.cityu.edu.hk
Earthy Bowl,https://www.cityu.edu.hk/hktech300/start-ups/seed-fund-teams/earthy-bowl,No Info Found,No Info Found
Easy Tow,https://www.cityu.edu.hk/hktech300/start-ups/seed-fund-teams/easy-tow,No Info Found,easytow0130@gmail.com
Eat100,https://www.cityu.edu.hk/hktech300/start-ups/seed-fund-teams/eat100,No Info Found,No Info Found
Eco-engineered solutions for artificial shoreline restoration,https://www.cityu.edu.hk/hktech300/start-ups/seed-fund-teams/eco-engineered-solutions,No Info Found,No Info Found
EconBlocTech,https://www.cityu.edu.hk/hktech300/start-ups/seed-fund-teams/econbloctech,No Info Found,No Info Found
eCoupon4U,https://www.cityu.edu.hk/hktech300/start-ups/seed-fund-teams/ecoupon4u,No Info Found,spencer@smartbusiness.com.hk
EcoverseX: Embrace Sustainability,https://www.cityu.edu.hk/hktech300/start-ups/seed-fund-teams/ecoversex-embrace-sustainability,No Info Found,No Info Found
EdHub,https://www.cityu.edu.hk/hktech300/start-ups/seed-fund-teams/edhub,No Info Found,No Info Found
EdPark,https://www.cityu.edu.hk/hktech300/start-ups/seed-fund-teams/edpark,No Info Found,hello@edpark.io
EduGPT – Immersive General Education System,https://www.cityu.edu.hk/hktech300/start-ups/seed-fund-teams/edugpt-immersive-general-education-system,No Info Found,No Info Found
Edxtore,https://www.cityu.edu.hk/hktech300/start-ups/seed-fund-teams/edxtore,https://www.edxtore.com/,info@edxtore.com
Efficient solar hydrogen production technology for green shipping,https://www.cityu.edu.hk/hktech300/start-ups/seed-fund-teams/solar-hydrogen-production-technology,No Info Found,ylzhao2008@gmail.com
EGGPO,https://www.cityu.edu.hk/hktech300/start-ups/seed-fund-teams/eggpo,No Info Found,No Info Found
Elastick Tech,https://www.cityu.edu.hk/hktech300/start-ups/seed-fund-teams/elastick-tech,No Info Found,elastick.tech@gmail.com
Elderberry,https://www.cityu.edu.hk/hktech300/start-ups/seed-fund-teams/elderberry,No Info Found,chowchunwaichris@gmail.com
Electro-Ohmics,https://www.cityu.edu.hk/hktech300/start-ups/seed-fund-teams/electro-ohmics,https://electro-ohmics.github.io/,electro.ohmics@gmail.com
Electrochemical reactor based on graphene in marine recirculating aquaculture systems (RAS),https://www.cityu.edu.hk/hktech300/start-ups/seed-fund-teams/electrochemical-reactor,No Info Found,jzhang925-c@my.cityu.edu.hk
EmCore Protection,https://www.cityu.edu.hk/hktech300/start-ups/seed-fund-teams/emcore-protection,https://www.emcore-protect.com/,yhwong67-c@my.cityu.edu.hk
Emosleep,https://www.cityu.edu.hk/hktech300/start-ups/seed-fund-teams/emosleep,No Info Found,zhuogulei2-c@my.cityu.edu.hk
Energy-Efficient and Self- Regulating Smart Electrochemical Reactor for Inorganic/Organic Pollutant Degradation in Wastewater,https://www.cityu.edu.hk/hktech300/start-ups/seed-fund-teams/smart-electrochemical-reactor,No Info Found,yxjin4-c@my.cityu.edu.hk
Environmental Star,https://www.cityu.edu.hk/hktech300/start-ups/seed-fund-teams/environmental-star,No Info Found,No Info Found
Epiphany,https://www.cityu.edu.hk/hktech300/start-ups/seed-fund-teams/epiphany,No Info Found,richardfengzj@outlook.com
Eradication of counterfeit medicines from the medical supply chain using blockchain and IoT devices,https://www.cityu.edu.hk/hktech300/start-ups/seed-fund-teams/eradication-of-counterfeit-medicines,No Info Found,U3572069@connect.hku.hk
Ergotek Limited,https://www.cityu.edu.hk/hktech300/start-ups/angel-fund-teams/ergotek,https://www.ergotek.world/,info@ergotek.world
ESG and Green Finance Education Group,https://www.cityu.edu.hk/hktech300/start-ups/seed-fund-teams/esg-and-green-finance-education-group,https://esgtraining.org/,training@esgtraining.org
ESG GO,https://www.cityu.edu.hk/hktech300/start-ups/seed-fund-teams/esg-go,No Info Found,esggolimited@gmail.com
ESG Platform for Charity Fundraising,https://www.cityu.edu.hk/hktech300/start-ups/seed-fund-teams/esg-platform-for-charity-fundraising,No Info Found,aceesgcl@gmail.com
ESGeo-Ais,https://www.cityu.edu.hk/hktech300/start-ups/seed-fund-teams/esgeo-ais,No Info Found,klokaiyee@gmail.com
ESSAA Limited,https://www.cityu.edu.hk/hktech300/start-ups/angel-fund-teams/creatogether,https://creatogether.app/,hello@creatogether.app
Eurybia Technology Limited,https://www.cityu.edu.hk/hktech300/start-ups/eurybia-technology-limited,https://eurybia.xyz/,admin@eurybia.xyz
EVE (EV Experience),https://www.cityu.edu.hk/hktech300/start-ups/seed-fund-teams/ev-experience,No Info Found,eve2050now@gmail.com
Ever View Technology Limited,https://www.cityu.edu.hk/hktech300/start-ups/angel-fund-teams/ever-view-technology,No Info Found,info@heikingpv.com
Evergreen,https://www.cityu.edu.hk/hktech300/start-ups/seed-fund-teams/evergreen,No Info Found,kongmsuen2-c@my.cityu.edu.hk
Evoke A.I. Education – AccuWrite,https://www.cityu.edu.hk/hktech300/start-ups/seed-fund-teams/evoke-ai-education-accuwrite,No Info Found,No Info Found
EXES,https://www.cityu.edu.hk/hktech300/start-ups/seed-fund-teams/exes,No Info Found,No Info Found
Exhib!t,https://www.cityu.edu.hk/hktech300/start-ups/seed-fund-teams/exhib%21t,No Info Found,exhibusiness@outlook.com
Expando World Limited,https://www.cityu.edu.hk/hktech300/start-ups/expando-world-limited,https://expando.ai/,hello@expando.world
Fab2care,https://www.cityu.edu.hk/hktech300/start-ups/seed-fund-teams/fab2care,No Info Found,No Info Found
Factgie,https://www.cityu.edu.hk/hktech300/start-ups/seed-fund-teams/factgie,No Info Found,factgie@gmail.com
Famchat - A digital social platform for the elderly,https://www.cityu.edu.hk/hktech300/start-ups/seed-fund-teams/famchat,No Info Found,famchat2022@gmail.com
Fantasktic – Supercharge Classroom Learning,https://www.cityu.edu.hk/hktech300/start-ups/seed-fund-teams/fantasktic,No Info Found,No Info Found
FarFit,https://www.cityu.edu.hk/hktech300/start-ups/seed-fund-teams/farfit,No Info Found,kelvin@farfit.tech
Farm66 Investment Limited,https://www.cityu.edu.hk/hktech300/start-ups/angel-fund-teams/farm66,https://www.farm66.com/en/home/,info@farm66.com
Farrago AI,https://www.cityu.edu.hk/hktech300/start-ups/seed-fund-teams/farrago-ai,No Info Found,farragoaiteam@gmail.com
Feelings AI,https://www.cityu.edu.hk/hktech300/start-ups/angel-fund-teams/feelings-ai,https://www.feelingss.io/,anne@feelings-inc.com
Fetal Movement Detection,https://www.cityu.edu.hk/hktech300/start-ups/seed-fund-teams/fetal-movement-detection,No Info Found,lifedothk22@gmail.com
FIGTION LIMITED,https://www.cityu.edu.hk/hktech300/start-ups/seed-fund-teams/figtion-limited,No Info Found,figtioncs1@gmail.com
FinBridge,https://www.cityu.edu.hk/hktech300/start-ups/seed-fund-teams/finbridge,No Info Found,No Info Found
FinCatch,https://www.cityu.edu.hk/hktech300/start-ups/seed-fund-teams/fincatch,No Info Found,No Info Found
FIND,https://www.cityu.edu.hk/hktech300/start-ups/seed-fund-teams/find,https://www.findgroup.live/,FINDus@findgroup.live
FineTech,https://www.cityu.edu.hk/hktech300/start-ups/seed-fund-teams/finetech,No Info Found,No Info Found
FingerDance,https://www.cityu.edu.hk/hktech300/start-ups/seed-fund-teams/fingerdance,No Info Found,No Info Found
FireWatcher (LoraWAN),https://www.cityu.edu.hk/hktech300/start-ups/seed-fund-teams/firewatcher-lorawan,No Info Found,kalvin.ng.hk@gmail.com
Fish Smart,https://www.cityu.edu.hk/hktech300/start-ups/seed-fund-teams/fish-smart,No Info Found,fishsmarthk@gmail.com
FitnessML,https://www.cityu.edu.hk/hktech300/start-ups/seed-fund-teams/fitnessml,No Info Found,ngaliceyuenman@gmail.com
FLASH Diagnostics Limited,https://www.cityu.edu.hk/hktech300/start-ups/angel-fund-teams/flash-diagnostics,No Info Found,alan@flashbiotech.com
Flash Prompt - prompt marketplace,https://www.cityu.edu.hk/hktech300/start-ups/seed-fund-teams/flash-prompt-prompt-marketplace,No Info Found,No Info Found
FlashMind,https://www.cityu.edu.hk/hktech300/start-ups/seed-fund-teams/flashmind,No Info Found,No Info Found
FlexiPulse,https://www.cityu.edu.hk/hktech300/start-ups/seed-fund-teams/flexipulse,No Info Found,khuang28-c@my.cityu.edu.hk
FluoTech Biosciences Limited,https://www.cityu.edu.hk/hktech300/start-ups/seed-fund-teams/fluotech-biosciences-limited,No Info Found,No Info Found
Flying Wings Engineering,https://www.cityu.edu.hk/hktech300/start-ups/seed-fund-teams/flying-wings-engineering,No Info Found,low_wing_fai@yahoo.com.hk
Foodoor Limited,https://www.cityu.edu.hk/hktech300/start-ups/seed-fund-teams/foodoor-limited,No Info Found,No Info Found
Foodstop Limited,https://www.cityu.edu.hk/hktech300/start-ups/angel-fund-teams/foodstop,https://www.foodstop.com.hk/,info@foodstop.com.hk
FoodX,https://www.cityu.edu.hk/hktech300/start-ups/seed-fund-teams/foodx,No Info Found,zhuobinli3-c@my.cityu.edu.hk
"For green, safe and smart wearable era: air/seawater collaborative power supply and sensing system",https://www.cityu.edu.hk/hktech300/start-ups/seed-fund-teams/air-seawater-collaborative-power-supply,No Info Found,jihonshi-c@my.cityu.edu.hk
Foresell Hong Kong Limited,https://www.cityu.edu.hk/hktech300/start-ups/seed-fund-teams/foresell-hong-kong-limited,No Info Found,Inquiry.foresell@gmail.com
Freedrop Limited,https://www.cityu.edu.hk/hktech300/start-ups/angel-fund-teams/freedrop-limited,https://www.metaroomhk.com/,info@freedrop.co
Freeness,https://www.cityu.edu.hk/hktech300/start-ups/seed-fund-teams/freeness,No Info Found,novushk.business@gmail.com
Freez’s,https://www.cityu.edu.hk/hktech300/start-ups/seed-fund-teams/freezs,No Info Found,freezshk+hktech300@gmail.com
"Fully packaged, high speed, thin-film lithium niobate electro-optic modulator",https://www.cityu.edu.hk/hktech300/start-ups/seed-fund-teams/thin-film-lithium-niobate-electro-optic-modulator,No Info Found,yzhang2544-c@my.cityu.edu.hk
FutureNow,https://www.cityu.edu.hk/hktech300/start-ups/seed-fund-teams/futurenow,No Info Found,raymondyeung@futurenow.app
FV training,https://www.cityu.edu.hk/hktech300/start-ups/seed-fund-teams/fv-training,No Info Found,fvteleoperation@gmail.com
GABES Limited,https://www.cityu.edu.hk/hktech300/start-ups/angel-fund-teams/gabes-limited,https://www.gabes.com.hk/,enquiries@gabes.com.hk
GAMLIC Studio – AI Explorer,https://www.cityu.edu.hk/hktech300/start-ups/seed-fund-teams/gamlic-studio-ai-explorer,No Info Found,No Info Found
Garlican,https://www.cityu.edu.hk/hktech300/start-ups/seed-fund-teams/garlican,https://www.garlican.com/,admin@garlican.com
GasTech,https://www.cityu.edu.hk/hktech300/start-ups/seed-fund-teams/gastech,No Info Found,zeyutao2-c@my.cityu.edu.hk
GatherKing,https://www.cityu.edu.hk/hktech300/start-ups/seed-fund-teams/gatherking,https://www.gatherking.com/,fchau@app2one.com
Geekversal,https://www.cityu.edu.hk/hktech300/start-ups/seed-fund-teams/geekversal,http://www.agmtech.com.hk/,contact@agmtech.com.hk
Gene-X Innovations Limited,https://www.cityu.edu.hk/hktech300/start-ups/gene-x-innovations-limited,No Info Found,info@gene-x.io
GeneNet Limited,https://www.cityu.edu.hk/hktech300/start-ups/genenet-limited,http://homepage.genenet.co/,info@genenet.co
Genetic Algorithm Optimized Deep Learning Model to Forecast Ultra-Short-Term Concentration of Fly Ash From Coal Fired Power Plants,https://www.cityu.edu.hk/hktech300/start-ups/seed-fund-teams/genetic-algorithm-optimized-deep-learning-model-forecast-ultra-short-term,No Info Found,yingjie.he@whu.edu
Gestura,https://www.cityu.edu.hk/hktech300/start-ups/seed-fund-teams/gestura,No Info Found,gesturatech@gmail.com
Glassbox AI,https://www.cityu.edu.hk/hktech300/start-ups/glassbox-ai,https://www.xai.hk/,admin@xai.hk
Glide Creato,https://www.cityu.edu.hk/hktech300/start-ups/seed-fund-teams/glide-creato,No Info Found,admin@glidetravel.co
GloStudy,https://www.cityu.edu.hk/hktech300/start-ups/seed-fund-teams/glostudy,No Info Found,fionao@glostudy.com
GNet,https://www.cityu.edu.hk/hktech300/start-ups/seed-fund-teams/gnet,No Info Found,No Info Found
GoFire Account,https://www.cityu.edu.hk/hktech300/start-ups/seed-fund-teams/gofire-account,No Info Found,contact@gofire.tech
GOODTAKES,https://www.cityu.edu.hk/hktech300/start-ups/seed-fund-teams/goodtakes,https://www.goodtakes.co/,marketing@goodtakes.co
Goolab Technology Company Limited,https://www.cityu.edu.hk/hktech300/start-ups/goolab-technology-company-limited,No Info Found,info@goofoods.hk
Gportrait,https://www.cityu.edu.hk/hktech300/start-ups/seed-fund-teams/gportrait,No Info Found,lijiache2-c@my.cityu.edu.hk
GradBubble,https://www.cityu.edu.hk/hktech300/start-ups/seed-fund-teams/gradbubble,No Info Found,gradbubble@gmail.com
Greater Bay Biotechnology Limited,https://www.cityu.edu.hk/hktech300/start-ups/angel-fund-teams/greater-bay-biotechnology,http://www.greaterbay-biotech.com/,general@greaterbay-biotech.com
Green Point Data Solutions - SMEsync,https://www.cityu.edu.hk/hktech300/start-ups/seed-fund-teams/green-point-data-solutions-smesync,https://www.greenpoint.com.hk,info@greenpoint.com.hk
Green sunflower,https://www.cityu.edu.hk/hktech300/start-ups/seed-fund-teams/green-sunflower,No Info Found,No Info Found
GreenMem,https://www.cityu.edu.hk/hktech300/start-ups/seed-fund-teams/greenmem,No Info Found,No Info Found
GrownTech,https://www.cityu.edu.hk/hktech300/start-ups/seed-fund-teams/growntech,No Info Found,eddiecityu@gmail.com
Guardian,https://www.cityu.edu.hk/hktech300/start-ups/seed-fund-teams/guardian,No Info Found,guardian.helloworld@gmail.com
GuardianAI,https://www.cityu.edu.hk/hktech300/start-ups/seed-fund-teams/guardianai,No Info Found,No Info Found
GUTolution,https://www.cityu.edu.hk/hktech300/start-ups/gutolution,https://gutolution.com/,info@gutolution.com
H&S,https://www.cityu.edu.hk/hktech300/start-ups/seed-fund-teams/h%26s,No Info Found,No Info Found
HairCoSys Limited,https://www.cityu.edu.hk/hktech300/start-ups/haircosys-limited,https://haircosys.com/en/,No Info Found
HappyJai Limited,https://www.cityu.edu.hk/hktech300/start-ups/angel-fund-teams/happyjai,https://look4kol.com,team@look4kol.com
HarvSolar,https://www.cityu.edu.hk/hktech300/start-ups/seed-fund-teams/harvsolar,No Info Found,No Info Found
Health Guardian Tech,https://www.cityu.edu.hk/hktech300/start-ups/seed-fund-teams/health-guardian-tech,No Info Found,yinghonwu2-c@my.cityu.edu.hk
Health-Gut,https://www.cityu.edu.hk/hktech300/start-ups/seed-fund-teams/health-gut,No Info Found,sliu93-c@my.cityu.edu.hk
HEATrify,https://www.cityu.edu.hk/hktech300/start-ups/seed-fund-teams/heatrify,No Info Found,No Info Found
Heter-stiffness helical propulsion robot with adaptive energy allocation,https://www.cityu.edu.hk/hktech300/start-ups/seed-fund-teams/heter-stiffness,No Info Found,tszhang3-c@my.cityu.edu.hk
High-performance and cost-effective moisture-based cooling design for more sustainable passive thermal management,https://www.cityu.edu.hk/hktech300/start-ups/seed-fund-teams/high-performance-and-cost-effective-moisture-based-cooling-design,No Info Found,suigle@163.com
HK Super Carbon Nano Technology Limited,https://www.cityu.edu.hk/hktech300/start-ups/angel-fund-teams/hk-super-carbon-nano-technology-limited,No Info Found,Chuang46-c@my.cityu.edu.hk
Home for Homeless,https://www.cityu.edu.hk/hktech300/start-ups/seed-fund-teams/home-homeless,No Info Found,852streetcat@gmail.com
"Hong Kong Julang Electronic Materials Co., Ltd.",https://www.cityu.edu.hk/hktech300/start-ups/hong-kong-julang-electronic-materials-co-ltd,No Info Found,No Info Found
Hong Kong Sturdy New Materials Science Technology Limited,https://www.cityu.edu.hk/hktech300/start-ups/angel-fund-teams/sturdy,No Info Found,hekangqiang815@163.com
Hong Kong Well Life Biotechnology,https://www.cityu.edu.hk/hktech300/start-ups/seed-fund-teams/hong-kong-well-life-biotechnology,No Info Found,No Info Found
Hong Kong X-Wheel Intelligence Technology Limited,https://www.cityu.edu.hk/hktech300/start-ups/hong-kong-x-wheel-intelligence-technology-limited,No Info Found,hkxwheel@gmail.com
Hong Kong's first Cocktail Machine,https://www.cityu.edu.hk/hktech300/start-ups/seed-fund-teams/xoxobeverages,https://xoxobeverages.com/,xoxobeverages@gmail.com
HorseOn Friends,https://www.cityu.edu.hk/hktech300/start-ups/seed-fund-teams/horseon-friends,https://horseonliving.com/,Horseon.hk@gmail.com
HOT-AR,https://www.cityu.edu.hk/hktech300/start-ups/seed-fund-teams/hot-ar,http://www.hot-ar.com/,info@hot-ar.com
HotelKey,https://www.cityu.edu.hk/hktech300/start-ups/seed-fund-teams/hotelkey,https://hotelkey.hk,info@lineless.com.hk
HydroPower Recycle System,https://www.cityu.edu.hk/hktech300/start-ups/seed-fund-teams/hydropower-recycle-system,No Info Found,jjjasonngai@gmail.com
HydroTech,https://www.cityu.edu.hk/hktech300/start-ups/seed-fund-teams/hydrotech,No Info Found,No Info Found
HyperRadar,https://www.cityu.edu.hk/hktech300/start-ups/seed-fund-teams/hyperradar,No Info Found,No Info Found
i2Cool Limited,https://www.cityu.edu.hk/hktech300/start-ups/angel-fund-teams/i2cool,https://i2cool.com/,info@i2cool.com
iAML SAAS Dashboard,https://www.cityu.edu.hk/hktech300/start-ups/seed-fund-teams/iaml-saas-dashboard,No Info Found,iaml.regtech@gmail.com
iBreathe,https://www.cityu.edu.hk/hktech300/start-ups/seed-fund-teams/ibreathe,No Info Found,enquiresibreathe@gmail.com
iFinGate Limited,https://www.cityu.edu.hk/hktech300/start-ups/angel-fund-teams/ifingate,https://www.ifingate.com/,cs@ifingate.com
Ihealth,https://www.cityu.edu.hk/hktech300/start-ups/seed-fund-teams/ihealth,No Info Found,No Info Found
iLabShare,https://www.cityu.edu.hk/hktech300/start-ups/seed-fund-teams/ilabshare,https://iLabShare.com,Ryeske86@gmail.com
iLand - Knowledge Transform Service Platform,https://www.cityu.edu.hk/hktech300/start-ups/seed-fund-teams/iland,No Info Found,No Info Found
iLandy,https://www.cityu.edu.hk/hktech300/start-ups/seed-fund-teams/ilandy,https://hk.linkedin.com/company/ilandy-limited,info@i-landy.com
Immpet Biotech,https://www.cityu.edu.hk/hktech300/start-ups/seed-fund-teams/immpet-biotech,No Info Found,No Info Found
InBox platform,https://www.cityu.edu.hk/hktech300/start-ups/seed-fund-teams/inbox-platform,No Info Found,No Info Found
Indoor Light Navigation System Based on Ultra-wideband Technology,https://www.cityu.edu.hk/hktech300/start-ups/seed-fund-teams/indoor-light-navigation-system,No Info Found,lxtang3-c@my.cityu.edu.hk
Industrialisation for cBN Hard Nanocoating,https://www.cityu.edu.hk/hktech300/start-ups/seed-fund-teams/industrialisation-for-cbn-hard-nanocoating,No Info Found,Innodraco@gmail.com
Infinity Technology Corporation Limited,https://www.cityu.edu.hk/hktech300/start-ups/angel-fund-teams/dimorder,https://www.dimorder.com/,info@dimorder.com
Infotronic Technology Limited,https://www.cityu.edu.hk/hktech300/start-ups/angel-fund-teams/infotronic-technology-limited,https://www.infosmart.io/,sales@infotronic-tech.com
InnerSpeech,https://www.cityu.edu.hk/hktech300/start-ups/seed-fund-teams/innerspeech,https://www.innerspeech.ai/,info@innerspeech.ai
InnoCity Limited,https://www.cityu.edu.hk/hktech300/start-ups/innocity-limited,https://www.innocity.com/,No Info Found
InnoSpire Technology Limited,https://www.cityu.edu.hk/hktech300/start-ups/angel-fund-teams/innospire-technology-limited,https://www.techinnospire.com/,info@techinnospire.com
InnovElders,https://www.cityu.edu.hk/hktech300/start-ups/seed-fund-teams/innovelders,No Info Found,No Info Found
InnoVi NoCode,https://www.cityu.edu.hk/hktech300/start-ups/seed-fund-teams/innovi-nocode,No Info Found,No Info Found
InspectEasy,https://www.cityu.edu.hk/hktech300/start-ups/seed-fund-teams/inspecteasy,No Info Found,C.huaguo@my.cityu.edu.hk
Instant collaboration between KOLs and businesses,https://www.cityu.edu.hk/hktech300/start-ups/seed-fund-teams/instant-collaboration-between-kols-and-businesses,No Info Found,wangwen2018@sjtu.edu.cn
IntBT (Integrated Blood-Testing Technologies),https://www.cityu.edu.hk/hktech300/start-ups/seed-fund-teams/intbt-integrated-blood-testing-technologies,No Info Found,xinrui.wang@my.cityu.edu.hk
Intelligence Sparks,https://www.cityu.edu.hk/hktech300/start-ups/seed-fund-teams/intelligence-sparks,No Info Found,No Info Found
Intelligent Online Shop Management Platform,https://www.cityu.edu.hk/hktech300/start-ups/seed-fund-teams/rotechverse,https://rotechverse.com/,info@rotechverse.com
Intelligent Platform for Financial Information Retrieval and Analysis,https://www.cityu.edu.hk/hktech300/start-ups/seed-fund-teams/intelligent-platform-for-financial-information-retrieval-and-analysis,https://www.oxbridge-econ.com/,admin@oxbridge-econ.com
Intelligent recommending system that helps you find your best-fit academic supervisor,https://www.cityu.edu.hk/hktech300/start-ups/seed-fund-teams/intelligent-recommending-system,No Info Found,profesearch2022@gmail.com
Intelligent Service Platform for Securities Lending,https://www.cityu.edu.hk/hktech300/start-ups/seed-fund-teams/intelligent-service-platform-for-securities-lending,No Info Found,gilbert.wang@gham.com.hk
Intelligent UVC and Far-UVC device for instant effective disinfection,https://www.cityu.edu.hk/hktech300/start-ups/seed-fund-teams/intelligent-uvc-and-far-uvc-device-instant-effective-disinfection,No Info Found,Alexyuyl21@gmail.com
IntuVision Limited,https://www.cityu.edu.hk/hktech300/start-ups/angel-fund-teams/intuvision-limited,https://www.linkedin.com/company/82103922/admin/,info@intuvision.co
Invisible & Innovative Technology (Asia) Limited,https://www.cityu.edu.hk/hktech300/start-ups/angel-fund-teams/invisibletech,https://www.invisibletech.asia/,info@iithk.com
IoT and Data Driven Health and Wellness Platform,https://www.cityu.edu.hk/hktech300/start-ups/seed-fund-teams/iot-and-data-driven-health-and-wellness-platform,No Info Found,No Info Found
IoT Insurance powered by “xAI” (Next Generation AI),https://www.cityu.edu.hk/hktech300/start-ups/seed-fund-teams/iot-insurance,No Info Found,adachanyc@gmail.com
iPet,https://www.cityu.edu.hk/hktech300/start-ups/seed-fund-teams/ipet,No Info Found,ipet2022@outlook.com
ISCAN,https://www.cityu.edu.hk/hktech300/start-ups/seed-fund-teams/iscan,No Info Found,iscanhk@gmail.com
ITsci Company Limited,https://www.cityu.edu.hk/hktech300/start-ups/angel-fund-teams/itsci,http://www.ai-stain.com.hk/,support@ai-stain.com.hk
JanusLean Biotech Company Limited,https://www.cityu.edu.hk/hktech300/start-ups/angel-fund-teams/janusLean-biotech,http://www.janusleanbio.com/,ceo@janusleanbio.com
JBC – Freebie,https://www.cityu.edu.hk/hktech300/start-ups/seed-fund-teams/jbc-freebie,No Info Found,No Info Found
JBOT,https://www.cityu.edu.hk/hktech300/start-ups/seed-fund-teams/jbot,No Info Found,No Info Found
Job Matriz Limited,https://www.cityu.edu.hk/hktech300/start-ups/angel-fund-teams/jobmatriz-limited,https://jobmatriz.com/,info@jobmatriz.com
Jober,https://www.cityu.edu.hk/hktech300/start-ups/seed-fund-teams/jober,https://www.jober.cc/,Info@jober.cc
JobRooster,https://www.cityu.edu.hk/hktech300/start-ups/seed-fund-teams/jobrooster,No Info Found,No Info Found
Jotbody (HK) Limited,https://www.cityu.edu.hk/hktech300/start-ups/angel-fund-teams/jotbody,https://jotbody.net/,jotbody@jotbody.net
Jumppoint,https://www.cityu.edu.hk/hktech300/start-ups/seed-fund-teams/jumppoint,No Info Found,No Info Found
JUNLI Limited,https://www.cityu.edu.hk/hktech300/start-ups/junli-limited,No Info Found,No Info Found
Just A Moment Wellness,https://www.cityu.edu.hk/hktech300/start-ups/seed-fund-teams/just-a-moment-wellness,https://jamwellness.io/,info@jamwellness.io
JUST Solutions Limited,https://www.cityu.edu.hk/hktech300/start-ups/angel-fund-teams/just-solutions-limited,https://justsolutions.ai,info@justsolutions.ai
Kaki,https://www.cityu.edu.hk/hktech300/start-ups/seed-fund-teams/kaki,No Info Found,kaki.metaverse@gmail.com
Kalos,https://www.cityu.edu.hk/hktech300/start-ups/seed-fund-teams/kalos,No Info Found,No Info Found
Kamakura Foods Limited,https://www.cityu.edu.hk/hktech300/start-ups/angel-fund-teams/wadabento,https://wadabentotech.com/,info@wadabento.com
Kanaya AI Technology Limited,https://www.cityu.edu.hk/hktech300/start-ups/kanaya-ai-technology-limited,http://www.kanaya.com.hk/,tech300kanaya@gmail.com
Keep Ai,https://www.cityu.edu.hk/hktech300/start-ups/seed-fund-teams/keep-ai,No Info Found,city300@propeldata.io
KeyPoints Exchange Limited,https://www.cityu.edu.hk/hktech300/start-ups/angel-fund-teams/kpex,https://www.kpex.asia/,enquiry@kpex.asia
Khepri,https://www.cityu.edu.hk/hktech300/start-ups/seed-fund-teams/khepri,No Info Found,No Info Found
Kitchen-Live,https://www.cityu.edu.hk/hktech300/start-ups/seed-fund-teams/kitchen-live,No Info Found,mmasood2-c@my.cityu.edu.hk
Know My Fund,https://www.cityu.edu.hk/hktech300/start-ups/seed-fund-teams/know-my-fund,No Info Found,No Info Found
Know Your Talent,https://www.cityu.edu.hk/hktech300/start-ups/seed-fund-teams/know-your-talent,No Info Found,Kyt.hktech@gmail.com
Knowledge Mining for Energy Material Discovery and Development by Deep Learning,https://www.cityu.edu.hk/hktech300/start-ups/seed-fund-teams/knowledge-mining,No Info Found,share@greendynamics.com.au
KOC&U,https://www.cityu.edu.hk/hktech300/start-ups/seed-fund-teams/kocnu,https://www.kocnu.com/,admin@kocnu.com
Kongcept Tour,https://www.cityu.edu.hk/hktech300/start-ups/seed-fund-teams/kongcept-tour,No Info Found,No Info Found
KYC Verification Tool for Chinese Client (VTCC),https://www.cityu.edu.hk/hktech300/start-ups/seed-fund-teams/vtcc,No Info Found,Haileyiyy218@hotmail.com
LABELESS,https://www.cityu.edu.hk/hktech300/start-ups/seed-fund-teams/labeless,https://www.thelabeless.com/,stella@thelabeless.com
Lacess Limited,https://www.cityu.edu.hk/hktech300/start-ups/angel-fund-teams/lacess-limited,https://kibo.eco,hello@kibo.eco
Laire Tech Limited,https://www.cityu.edu.hk/hktech300/start-ups/laire-tech-limited,No Info Found,jiangmengnan@126.com
Lasen,https://www.cityu.edu.hk/hktech300/start-ups/seed-fund-teams/lasen,No Info Found,yuanchaol@outlook.com
Laso Technology Limited,https://www.cityu.edu.hk/hktech300/start-ups/seed-fund-teams/laso,No Info Found,ruthnwt@gmail.com
Latchie Company Limited,https://www.cityu.edu.hk/hktech300/start-ups/angel-fund-teams/latchie,https://gorudo.io/,Admin@gorudo.io
LatticeFlux,https://www.cityu.edu.hk/hktech300/start-ups/seed-fund-teams/latticeflux,No Info Found,No Info Found
LAWROVER,https://www.cityu.edu.hk/hktech300/start-ups/seed-fund-teams/lawrover,No Info Found,imccn@outlook.com
LBS+,https://www.cityu.edu.hk/hktech300/start-ups/seed-fund-teams/lbs,No Info Found,jiajunhe5c@my.cityu.edu.hk
Leafee,https://www.cityu.edu.hk/hktech300/start-ups/seed-fund-teams/leafee,No Info Found,team@leafee.app
Lecopt Technology,https://www.cityu.edu.hk/hktech300/start-ups/seed-fund-teams/lecopt-technology,https://lecopt.tech/,admin@lecopt.tech
Legacy,https://www.cityu.edu.hk/hktech300/start-ups/seed-fund-teams/legacy,No Info Found,No Info Found
Leidenford Limited,https://www.cityu.edu.hk/hktech300/start-ups/angel-fund-teams/leidenford-limited,http://www.leidenford.com/,willfuw@gmail.com
LemonT,https://www.cityu.edu.hk/hktech300/start-ups/seed-fund-teams/lemont,https://www.lemont.ltd,info@lemont.ltd
LEVAV,https://www.cityu.edu.hk/hktech300/start-ups/seed-fund-teams/levav,No Info Found,marslung@gmail.com
Life Fraction,https://www.cityu.edu.hk/hktech300/start-ups/seed-fund-teams/life-fraction,No Info Found,No Info Found
Lifty,https://www.cityu.edu.hk/hktech300/start-ups/seed-fund-teams/lifty,No Info Found,lifty.technology@gmail.com
LIGHT CARE,https://www.cityu.edu.hk/hktech300/start-ups/seed-fund-teams/light-care,No Info Found,No Info Found
"Lightweight, flexible perovskite photovoltaic modules for photovoltaic power station",https://www.cityu.edu.hk/hktech300/start-ups/seed-fund-teams/perovskite-photovoltaic-modules-for-photovoltaic-power-station,No Info Found,clzhang5-c@my.cityu.edu.hk
LinkAIQ Limited – Next-generation  Brain Entrainment System for common sleep problems,https://www.cityu.edu.hk/hktech300/start-ups/seed-fund-teams/linkaiq-limited,No Info Found,kim@ohbiohealth.com
Liquid – TruDoc,https://www.cityu.edu.hk/hktech300/start-ups/seed-fund-teams/liquid-trudoc,No Info Found,No Info Found
Little Drops,https://www.cityu.edu.hk/hktech300/start-ups/seed-fund-teams/little-drops,No Info Found,enquireslittledrops@gmail.com
Liveagle,https://www.cityu.edu.hk/hktech300/start-ups/seed-fund-teams/liveagle,No Info Found,No Info Found
Locolla Limited,https://www.cityu.edu.hk/hktech300/start-ups/angel-fund-teams/locolla,https://loco.hk,ken@loco.hk
LOOK,https://www.cityu.edu.hk/hktech300/start-ups/seed-fund-teams/look,No Info Found,lookapp.official@gmail.com
Look4kol,https://www.cityu.edu.hk/hktech300/start-ups/seed-fund-teams/look4kol,No Info Found,team@look4kol.com
Loopsy,https://www.cityu.edu.hk/hktech300/start-ups/seed-fund-teams/loopsy,No Info Found,No Info Found
LULU KEEPER,https://www.cityu.edu.hk/hktech300/start-ups/seed-fund-teams/lulu-keeper,No Info Found,willieluk75@gmail.com
LUMAT-SERS limited,https://www.cityu.edu.hk/hktech300/start-ups/angel-fund-teams/lumat-sers,No Info Found,info@lumatsers.com
Luminova Innovations,https://www.cityu.edu.hk/hktech300/start-ups/seed-fund-teams/luminova-innovations,No Info Found,No Info Found
Luna Cat – Fall Prevention AIoT System,https://www.cityu.edu.hk/hktech300/start-ups/seed-fund-teams/luna-cat,No Info Found,hugochan68@gmail.com
M.A.V.I.S.,https://www.cityu.edu.hk/hktech300/start-ups/seed-fund-teams/mavis,No Info Found,No Info Found
MaaS,https://www.cityu.edu.hk/hktech300/start-ups/seed-fund-teams/maas,No Info Found,No Info Found
"Magnetic, Wall-climbing Robot for Industry Nondestructive Testing",https://www.cityu.edu.hk/hktech300/start-ups/seed-fund-teams/magnetic-wall-climbing-robot,No Info Found,mengwanli4-c@my.cityu.edu.hk
Maison RE/WE,https://www.cityu.edu.hk/hktech300/start-ups/seed-fund-teams/maisonrewe,https://www.maisonrewe.com/,eshop@maisonrewe.com
Makebell Limited,https://www.cityu.edu.hk/hktech300/start-ups/makebell-limited,No Info Found,info@makebell.com
MakeOmnia Limited,https://www.cityu.edu.hk/hktech300/start-ups/angel-fund-teams/makeomnia,http://www.magoprinter.com/,peggy@makeomnia.com
MarginLog,https://www.cityu.edu.hk/hktech300/start-ups/seed-fund-teams/marginlog,No Info Found,marginlog.tech@gmail.com
Marisa Tech – iST Platform,https://www.cityu.edu.hk/hktech300/start-ups/seed-fund-teams/marisa-tech-ist-platform,No Info Found,No Info Found
Marketing Solutions based on MR Technology + Malls/Stores,https://www.cityu.edu.hk/hktech300/start-ups/seed-fund-teams/marketing-solutions-based-on-mr-technology,No Info Found,xliu546-c@my.cityu.edu.hk
MATCH LIMITED,https://www.cityu.edu.hk/hktech300/start-ups/match-limited,No Info Found,info@matchhk.co
MatchUp,https://www.cityu.edu.hk/hktech300/start-ups/seed-fund-teams/matchup,No Info Found,leetszyan123@gmail.com
Meat the Next Company Limited,https://www.cityu.edu.hk/hktech300/start-ups/angel-fund-teams/meattn,https://meattn.com/,info@meattn.com
MediConCen Limited,https://www.cityu.edu.hk/hktech300/start-ups/angel-fund-teams/mediconcen,https://mediconcen.com/,info@mediconcen.com
Medmind Technology Limited,https://www.cityu.edu.hk/hktech300/start-ups/angel-fund-teams/medmindtechnology,https://www.medmindtechnology.hk/,info@medmindtechnology.hk
MEDtaverses,https://www.cityu.edu.hk/hktech300/start-ups/seed-fund-teams/medtaverses,https://www.medtaverses.com/,info@medtaverses.com
MedVision,https://www.cityu.edu.hk/hktech300/start-ups/seed-fund-teams/medvision,No Info Found,No Info Found
MEI TEAM – VRWalker,https://www.cityu.edu.hk/hktech300/start-ups/seed-fund-teams/mei-team-vrwalker,No Info Found,No Info Found
Merchport,https://www.cityu.edu.hk/hktech300/start-ups/angel-fund-teams/merchport,https://www.merchport.hk/,info@merchport.hk
Meta Carbon Project,https://www.cityu.edu.hk/hktech300/start-ups/seed-fund-teams/meta-carbon-project,No Info Found,No Info Found
Meta Liquor,https://www.cityu.edu.hk/hktech300/start-ups/seed-fund-teams/meta-liquor,No Info Found,No Info Found
Meta-Artifactory,https://www.cityu.edu.hk/hktech300/start-ups/seed-fund-teams/meta-artifactory,No Info Found,No Info Found
MetaAgent,https://www.cityu.edu.hk/hktech300/start-ups/seed-fund-teams/metaagent,No Info Found,No Info Found
MetaExercise,https://www.cityu.edu.hk/hktech300/start-ups/seed-fund-teams/metaexercise,No Info Found,metaexercise@gmail.com
Metamoarphosis,https://www.cityu.edu.hk/hktech300/start-ups/seed-fund-teams/metamoarphosis,http://www.metamoarphosis.com/,No Info Found
Metamory Technology Limited,https://www.cityu.edu.hk/hktech300/start-ups/angel-fund-teams/metamory-technology-limited,https://metamory.io/,info@metamory.io
MetaPred X,https://www.cityu.edu.hk/hktech300/start-ups/seed-fund-teams/metapred-x,No Info Found,No Info Found
Metartland,https://www.cityu.edu.hk/hktech300/start-ups/seed-fund-teams/metartland,https://metartland.iartgo.top/h5/#/,206620254@qq.com
Methods and systems for measuring multiplex RNA expression,https://www.cityu.edu.hk/hktech300/start-ups/seed-fund-teams/multiplex-rna-expression,No Info Found,No Info Found
MI simulators,https://www.cityu.edu.hk/hktech300/start-ups/seed-fund-teams/mi-simulators,No Info Found,No Info Found
MicroCent,https://www.cityu.edu.hk/hktech300/start-ups/seed-fund-teams/microcent,No Info Found,microcentltd@gmail.com
MiExpert,https://www.cityu.edu.hk/hktech300/start-ups/seed-fund-teams/mi-expert,https://www.mi-expert.com/,info@mi-expert.com
MindAmp Limited,https://www.cityu.edu.hk/hktech300/start-ups/angel-fund-teams/mindamp,https://www.mindampltd.com,victorfu@mindampltd.com
MINDLAYER LIMITED,https://www.cityu.edu.hk/hktech300/start-ups/angel-fund-teams/mindplayer,https://www.mindlayer.io/,hello@mindlayer.io
mobot,https://www.cityu.edu.hk/hktech300/start-ups/seed-fund-teams/mobot,No Info Found,fasetechgp@gmail.com
Momodoc,https://www.cityu.edu.hk/hktech300/start-ups/seed-fund-teams/momodoc,No Info Found,No Info Found
MomoDoc Company Limited,https://www.cityu.edu.hk/hktech300/start-ups/momodoc-company-limited,https://www.momodoc.ai/,hello@momodoc.ai
Money Floor Plan Leasing System,https://www.cityu.edu.hk/hktech300/start-ups/seed-fund-teams/money-floor-plan-leasing-system,https://dronion.biz/,boscowong@dronion.biz
Moodies' Care,https://www.cityu.edu.hk/hktech300/start-ups/seed-fund-teams/moodies-care,No Info Found,moodiescare@gmail.com
Moon Squad – Moon Lab,https://www.cityu.edu.hk/hktech300/start-ups/seed-fund-teams/moon-squad-moon-lab,No Info Found,No Info Found
MotionzLab,https://www.cityu.edu.hk/hktech300/start-ups/seed-fund-teams/motionzlab,No Info Found,info@motionzlab.com
MotoNerv Limited,https://www.cityu.edu.hk/hktech300/start-ups/angel-fund-teams/motonerv-limited,No Info Found,forte@motonerv.ai
Motrack,https://www.cityu.edu.hk/hktech300/start-ups/seed-fund-teams/motrack,No Info Found,jessicang326@gmail.com
MOVE IT MOVE IT LIMITED,https://www.cityu.edu.hk/hktech300/start-ups/angel-fund-teams/move-it-move-it,No Info Found,ronaldng@moveitmoveit.io
Multi-E,https://www.cityu.edu.hk/hktech300/start-ups/seed-fund-teams/multi-e,No Info Found,No Info Found
My Dev of Tea,https://www.cityu.edu.hk/hktech300/start-ups/seed-fund-teams/my-dev-tea,No Info Found,No Info Found
Mycoach Health Limited,https://www.cityu.edu.hk/hktech300/start-ups/mycoach-health-limited,https://mycoach.health/,info@mycoach.health
MYTEA SOLUTIONS LIMITED,https://www.cityu.edu.hk/hktech300/start-ups/angel-fund-teams/letstea,http://letstea.co/,info@letstea.co
N1 Golf Sims,https://www.cityu.edu.hk/hktech300/start-ups/seed-fund-teams/n1-golf-sims,No Info Found,info@n1ltd.com
Nano-modified titanium implants,https://www.cityu.edu.hk/hktech300/start-ups/seed-fund-teams/nano-modified-titanium%20implants,No Info Found,Leiwan2-c@my.cityu.edu.hk
NanoIPT,https://www.cityu.edu.hk/hktech300/start-ups/seed-fund-teams/nanoipt,No Info Found,No Info Found
Navtag,https://www.cityu.edu.hk/hktech300/start-ups/seed-fund-teams/navtag,No Info Found,tikwai.ansonwong@gmail.com
Needy,https://www.cityu.edu.hk/hktech300/start-ups/seed-fund-teams/needy,No Info Found,needydao@gmail.com
neoPIX,https://www.cityu.edu.hk/hktech300/start-ups/seed-fund-teams/neopix,No Info Found,No Info Found
NerOcean,https://www.cityu.edu.hk/hktech300/start-ups/angel-fund-teams/nerocean,https://nerocean.com/,nerocean.official@gmail.com
Nerv,https://www.cityu.edu.hk/hktech300/start-ups/seed-fund-teams/nerv,https://www.nervapp.com/,info@nervapp.com
NeuroTronics,https://www.cityu.edu.hk/hktech300/start-ups/seed-fund-teams/neurotronics,No Info Found,neurotronics.nt@gmail.com
Neverland,https://www.cityu.edu.hk/hktech300/start-ups/seed-fund-teams/neverland,No Info Found,bonfire.main@gmail.com
New functional auxiliaries and industrialization – Integrated R&D strategy and industrialization of functional bio-based porphyrins,https://www.cityu.edu.hk/hktech300/start-ups/seed-fund-teams/integrated-r%26d-strategy-and-industrialization,No Info Found,wenjiyang8-c@my.cityu.edu.hk
New Hybrid Nano-Twin Copper for advanced electronic applications,https://www.cityu.edu.hk/hktech300/start-ups/seed-fund-teams/new-hybrid-nano-twin-copper,No Info Found,ccchun@cityu.edu.hk
Newbie Holdings Team,https://www.cityu.edu.hk/hktech300/start-ups/seed-fund-teams/newbie-holdings-team,No Info Found,No Info Found
NFT arcade,https://www.cityu.edu.hk/hktech300/start-ups/seed-fund-teams/nft-arcade,No Info Found,No Info Found
NFT Vending Machine,https://www.cityu.edu.hk/hktech300/start-ups/seed-fund-teams/nft-vending-machine,No Info Found,charlielamteam@gmail.com
nnenu,https://www.cityu.edu.hk/hktech300/start-ups/seed-fund-teams/nnenu,No Info Found,No Info Found
NOF,https://www.cityu.edu.hk/hktech300/start-ups/seed-fund-teams/nof,No Info Found,chiuching960109@gmail.com
NOT ONLY POWDER,https://www.cityu.edu.hk/hktech300/start-ups/seed-fund-teams/not-only-powder,No Info Found,syrineyi1229@gmail.com
NovBee Limited,https://www.cityu.edu.hk/hktech300/start-ups/angel-fund-teams/novbee,https://www.novbee.co/,info@novbee.co
Novel photocatalytic coatings for marine antifouling and anticorrosion,https://www.cityu.edu.hk/hktech300/start-ups/seed-fund-teams/novel-photocatalytic-coatings,No Info Found,kedachen2-c@my.cityu.edu.hk
"Novel Reusable Antivirus, Non-Toxic, Visible-light-driven Photocatalytic ZIF-8 Loaded Fabric for Air Cleaning",https://www.cityu.edu.hk/hktech300/start-ups/seed-fund-teams/photocatalytic,No Info Found,jxguo4-c@my.cityu.edu.hk
Novelte Robotics Limited,https://www.cityu.edu.hk/hktech300/start-ups/angel-fund-teams/novelte-robotics-limited,https://www.noveltebot.com/,info@noveltebot.com
Novus Holdings Limited,https://www.cityu.edu.hk/hktech300/start-ups/angel-fund-teams/minitzhk,https://minitzhk.com,Business@minitz.com
NuFlux,https://www.cityu.edu.hk/hktech300/start-ups/seed-fund-teams/nuflux,No Info Found,No Info Found
NUTSHELL,https://www.cityu.edu.hk/hktech300/start-ups/seed-fund-teams/nutshell,No Info Found,Crudraraj2-c@my.cityu.edu.hk
O2EZ,https://www.cityu.edu.hk/hktech300/start-ups/seed-fund-teams/o2ez,No Info Found,o2ez.hk@gmail.com
OAO-Project Apollo,https://www.cityu.edu.hk/hktech300/start-ups/seed-fund-teams/oao-project-apollo,No Info Found,enquiry@oaohk.com
Oases,https://www.cityu.edu.hk/hktech300/start-ups/seed-fund-teams/oases,No Info Found,No Info Found
Okeanos,https://www.cityu.edu.hk/hktech300/start-ups/seed-fund-teams/okeanos,No Info Found,No Info Found
OLLA,https://www.cityu.edu.hk/hktech300/start-ups/seed-fund-teams/olla,No Info Found,helloteamolla@gmail.com
OmicLab Limited,https://www.cityu.edu.hk/hktech300/start-ups/angel-fund-teams/omiclab,No Info Found,zhaozicheng@byoryn.com
One-stop solution for optimising quality homecare service,https://www.cityu.edu.hk/hktech300/start-ups/seed-fund-teams/one-stop-solution-optimizing-quality-homecare-service,No Info Found,cbhomage@cityu.edu.hk
OneChain Consortium,https://www.cityu.edu.hk/hktech300/start-ups/seed-fund-teams/onechain-consortium,https://one-chain.io/,info@one-chain.io
Onepile Limited,https://www.cityu.edu.hk/hktech300/start-ups/onepile-limited,No Info Found,info@onepile.co
Online assignment and examination assessment platform powered by A.I. technology,https://www.cityu.edu.hk/hktech300/start-ups/seed-fund-teams/online-assignment-and-exam-assessment-platform,No Info Found,john@duuright.com
Open Flow Optical Cavity (OFOC),https://www.cityu.edu.hk/hktech300/start-ups/seed-fund-teams/open-flow-optical-cavity,No Info Found,Ymkwong7-c@my.cityu.edu.hk
Open Ocean Camera,https://www.cityu.edu.hk/hktech300/start-ups/seed-fund-teams/open-ocean-camera,https://openoceancam.com/,sdhnt@connect.hku.hk
OptiLegal,https://www.cityu.edu.hk/hktech300/start-ups/seed-fund-teams/optilegal,No Info Found,kelvin@optilegal.io
Orca Layout,https://www.cityu.edu.hk/hktech300/start-ups/seed-fund-teams/orca-layout,No Info Found,No Info Found
OrderHub,https://www.cityu.edu.hk/hktech300/start-ups/seed-fund-teams/orderhub,No Info Found,No Info Found
Orderlo,https://www.cityu.edu.hk/hktech300/start-ups/seed-fund-teams/orderlo,No Info Found,teamorderlo@outlook.com
Orikong,https://www.cityu.edu.hk/hktech300/start-ups/seed-fund-teams/orikong,No Info Found,orikonghk@gmail.com
OVLD – Digital Riding,https://www.cityu.edu.hk/hktech300/start-ups/seed-fund-teams/ovld-digital-riding,No Info Found,No Info Found
PalPal,https://www.cityu.edu.hk/hktech300/start-ups/seed-fund-teams/palpal,No Info Found,dqy20000526@gmail.com
Particoo Tech,https://www.cityu.edu.hk/hktech300/start-ups/seed-fund-teams/particoo-tech,No Info Found,contact@particoo.com
Patin – a revolutionary superfood in Hong Kong,https://www.cityu.edu.hk/hktech300/start-ups/seed-fund-teams/patin,https://www.lonble.com,erina@lonble.com
Peptide Adventure,https://www.cityu.edu.hk/hktech300/start-ups/seed-fund-teams/peptide-adventure,No Info Found,shuhkwok4-c@my.cityu.edu.hk
Pesto Green,https://www.cityu.edu.hk/hktech300/start-ups/seed-fund-teams/pesto-green,No Info Found,No Info Found
Pet image recognition,https://www.cityu.edu.hk/hktech300/start-ups/seed-fund-teams/pet-image-recognition,No Info Found,No Info Found
Petalife,https://www.cityu.edu.hk/hktech300/start-ups/seed-fund-teams/petalife,No Info Found,boopedoo.hk@gmail.com
PetsAround,https://www.cityu.edu.hk/hktech300/start-ups/seed-fund-teams/petsaround,No Info Found,petsaround01@gmail.com
Phosphogypsum regeneration resource utilization,https://www.cityu.edu.hk/hktech300/start-ups/seed-fund-teams/phosphogypsum-regeneration-resource-utilization,No Info Found,No Info Found
Photobiological Factory,https://www.cityu.edu.hk/hktech300/start-ups/seed-fund-teams/photobiological-factory,No Info Found,No Info Found
Photonic PCR Bioscience,https://www.cityu.edu.hk/hktech300/start-ups/seed-fund-teams/photonic-pcr-bioscience,No Info Found,No Info Found
PhyCell,https://www.cityu.edu.hk/hktech300/start-ups/seed-fund-teams/phycell,No Info Found,zhonjiang8-c@my.cityu.edu.hk
PI-AI Fault Detector,https://www.cityu.edu.hk/hktech300/start-ups/seed-fund-teams/pi-ai-fault-detector,No Info Found,pi.ai.detector@gmail.com
Picko,https://www.cityu.edu.hk/hktech300/start-ups/seed-fund-teams/picko,No Info Found,funding@picko.app
Pivot BME,https://www.cityu.edu.hk/hktech300/start-ups/seed-fund-teams/pivot-bme,https://pivotbme.com/,alex.cheng@pivotbme.com
Pixieai,https://www.cityu.edu.hk/hktech300/start-ups/seed-fund-teams/pixieai,No Info Found,kenhung2002@gmail.com
Plan C – Safnect Wallet,https://www.cityu.edu.hk/hktech300/start-ups/seed-fund-teams/plan-c-safnect-wallet,No Info Found,No Info Found
PLAPER,https://www.cityu.edu.hk/hktech300/start-ups/seed-fund-teams/plaper,https://www.plaper.hk/roadmap,chunwaim7@gmail.com
PlaySmart,https://www.cityu.edu.hk/hktech300/start-ups/seed-fund-teams/playsmart,https://playsmarthk.com/,cs@playsmarthk.com
PluGo,https://www.cityu.edu.hk/hktech300/start-ups/seed-fund-teams/plugo,No Info Found,plugo.hk@gmail.com
Point-of-care - Biosensors for Drug Efficacy and Patient Response Evaluation,https://www.cityu.edu.hk/hktech300/start-ups/seed-fund-teams/point-of-care,No Info Found,piebbiochip@gmail.com
Pokeguide Limited,https://www.cityu.edu.hk/hktech300/start-ups/angel-fund-teams/pokeguide,https://www.pokeguide.com/,info@pokeguide.com
Pong Company Limited,https://www.cityu.edu.hk/hktech300/start-ups/angel-fund-teams/pong-company-limited,https://www.pongproduct.com/,hello@pongproduct.com
Poring into Nano,https://www.cityu.edu.hk/hktech300/start-ups/seed-fund-teams/poring-nano,No Info Found,No Info Found
Portable Water Purification System,https://www.cityu.edu.hk/hktech300/start-ups/seed-fund-teams/portable-water-purification-system,No Info Found,No Info Found
Portalyze Point of Care Limited,https://www.cityu.edu.hk/hktech300/start-ups/angel-fund-teams/portalyze-point-of-care,https://portalyzepoc.com,info@portalyzepoc.com
Powater,https://www.cityu.edu.hk/hktech300/start-ups/seed-fund-teams/powater,No Info Found,No Info Found
Precisive feeding,https://www.cityu.edu.hk/hktech300/start-ups/seed-fund-teams/precisive-feeding,No Info Found,shuolima2-c@my.cityu.edu.hk
Premium AI Inspection Technology Company,https://www.cityu.edu.hk/hktech300/start-ups/seed-fund-teams/premium-ai-inspection-technology-company,No Info Found,No Info Found
Project Atlantis – IoT Enabled Underwater Farm,https://www.cityu.edu.hk/hktech300/start-ups/seed-fund-teams/project-atlantis,No Info Found,hello@eternals.hk
Project Greenhouse,https://www.cityu.edu.hk/hktech300/start-ups/seed-fund-teams/project-greenhouse,No Info Found,No Info Found
Property Valuation Calculator,https://www.cityu.edu.hk/hktech300/start-ups/seed-fund-teams/property-valuation-calculator,No Info Found,Oreochoy0@gmail.com
Prozparity Digital,https://www.cityu.edu.hk/hktech300/start-ups/seed-fund-teams/prozparity-digital,https://prozparity.com/,wailimcheng218@gmail.com
Psybot Team,https://www.cityu.edu.hk/hktech300/start-ups/seed-fund-teams/psybot,No Info Found,No Info Found
Pupil Waves – CYCLOPS,https://www.cityu.edu.hk/hktech300/start-ups/seed-fund-teams/pupil-waves-cyclops,No Info Found,No Info Found
QickGenerate Technology Limited,https://www.cityu.edu.hk/hktech300/start-ups/angel-fund-teams/qickgenerate-technology,https://qickgenerate.com,No Info Found
QualiFly,https://www.cityu.edu.hk/hktech300/start-ups/seed-fund-teams/qualiflyhk,https://www.qualiflyhk.com/,contact@qualiflyhk.com
Quantum Music Technology Limited – AUDAI,https://www.cityu.edu.hk/hktech300/start-ups/seed-fund-teams/quantum-music-technology-limited-audai,No Info Found,No Info Found
R FOOD EAT,https://www.cityu.edu.hk/hktech300/start-ups/seed-fund-teams/r-food-eat,No Info Found,r.rice.eat@gmail.com
R2C2 Limited,https://www.cityu.edu.hk/hktech300/start-ups/seed-fund-teams/r2c2-limited,No Info Found,No Info Found
Radiance Tech International Limited,https://www.cityu.edu.hk/hktech300/start-ups/angel-fund-teams/radiance-tech-international-limited,https://radiance.com.hk,info@radiance.com.hk
READily,https://www.cityu.edu.hk/hktech300/start-ups/seed-fund-teams/readily,No Info Found,No Info Found
Reatix,https://www.cityu.edu.hk/hktech300/start-ups/seed-fund-teams/reatix,No Info Found,livicter@gmail.com
ReChips,https://www.cityu.edu.hk/hktech300/start-ups/seed-fund-teams/rechips,No Info Found,No Info Found
recHunteR,https://www.cityu.edu.hk/hktech300/start-ups/seed-fund-teams/rechunter,No Info Found,No Info Found
Red Planet Technology Limited,https://www.cityu.edu.hk/hktech300/start-ups/red-planet-technology-limited,No Info Found,futuretechesg@gmail.com
Regitup,https://www.cityu.edu.hk/hktech300/start-ups/seed-fund-teams/regitup,https://www.regitup.com/,No Info Found
Relearn Education Limited,https://www.cityu.edu.hk/hktech300/start-ups/angel-fund-teams/relearn-education-limited,https://relearn.hk,info@relearn.hk
Remote-controllable all-liquid robotics for the tumor-targeting drug delivery and release,https://www.cityu.edu.hk/hktech300/start-ups/seed-fund-teams/remote-controllable-all-liquid-robotics,No Info Found,Sai.zhao@my.cityu.edu.hk
RENO VR,https://www.cityu.edu.hk/hktech300/start-ups/seed-fund-teams/reno-vr,No Info Found,No Info Found
Rentastic,https://www.cityu.edu.hk/hktech300/start-ups/seed-fund-teams/rentastic,No Info Found,info@rentastichk.com
RentScore Limited,https://www.cityu.edu.hk/hktech300/start-ups/angel-fund-teams/rentscore-limited,https://www.rentscoreprop.com/,support@rentscoreprop.com
Researchain,https://www.cityu.edu.hk/hktech300/start-ups/seed-fund-teams/researchain,https://academic-accelerator.com/,pbrian1004@gmail.com
Restituo International Limited,https://www.cityu.edu.hk/hktech300/start-ups/seed-fund-teams/restituo-international-limited,https://www.restituo.io/,No Info Found
Revoskin,https://www.cityu.edu.hk/hktech300/start-ups/seed-fund-teams/revoskin,No Info Found,jenniferlmak@gmail.com
Ridger Company Limited,https://www.cityu.edu.hk/hktech300/start-ups/seed-fund-teams/ridger-company-limited,No Info Found,No Info Found
RightPick Technology Limited,https://www.cityu.edu.hk/hktech300/start-ups/angel-fund-teams/rightpickhk,https://rightpickhk.com/,rightpickhk@gmail.com
Roadar,https://www.cityu.edu.hk/hktech300/start-ups/seed-fund-teams/roadar,No Info Found,Roadar.tech@gmail.com
Robot Analytic and Management Platform,https://www.cityu.edu.hk/hktech300/start-ups/seed-fund-teams/robot-analytic-and-management-platform,No Info Found,No Info Found
Robot Operating System (ROS),https://www.cityu.edu.hk/hktech300/start-ups/seed-fund-teams/robot-operating-system-ros,No Info Found,Maxbot.Robotic@gmail.com
Robust Misinformation Detection on Online Social Media,https://www.cityu.edu.hk/hktech300/start-ups/seed-fund-teams/robust-misinformation-detection-online-social-media,No Info Found,liuhui3-c@my.cityu.edu.hk
ROOOM,https://www.cityu.edu.hk/hktech300/start-ups/seed-fund-teams/rooom,No Info Found,hkwebber1997@gmail.com
"RPA (HK), Limited",https://www.cityu.edu.hk/hktech300/start-ups/angel-fund-teams/rpa,http://www.rpa.hk/,contact@RPA.HK
Run2gather,https://www.cityu.edu.hk/hktech300/start-ups/seed-fund-teams/run2gather,No Info Found,joey@run2gather.com
S3Tough Tech Co. Limited,https://www.cityu.edu.hk/hktech300/start-ups/angel-fund-teams/s3tough-tech,No Info Found,yupeisu2-c@my.cityu.edu.hk
Sales Axis,https://www.cityu.edu.hk/hktech300/start-ups/seed-fund-teams/sales-axis,No Info Found,sales-axis@sales-axis.com
Sambo Group Technology Ltd.,https://www.cityu.edu.hk/hktech300/start-ups/sambo-group-technology-ltd,https://www.sambo-technology.com/,No Info Found
SandBox School,https://www.cityu.edu.hk/hktech300/start-ups/seed-fund-teams/sandbox-school,No Info Found,hello.sandboxschool@gmail.com
Sanus Tech,https://www.cityu.edu.hk/hktech300/start-ups/seed-fund-teams/sanus-tech,No Info Found,sanustechnogy@gmail.com
SBC Technology Limited,https://www.cityu.edu.hk/hktech300/start-ups/angel-fund-teams/sbc-technology,https://www.sbctechsolution.com/,viviandengwei@sbctechnologyhk.com
SEAFRUIT DEPURATION LIMITED,https://www.cityu.edu.hk/hktech300/start-ups/angel-fund-teams/seafruit-depuration,No Info Found,info@sea-fruit.com
Sealincloud,https://www.cityu.edu.hk/hktech300/start-ups/seed-fund-teams/sealincloud,No Info Found,yann.zhao@sealincloud.com
SeaMap Tech,https://www.cityu.edu.hk/hktech300/start-ups/seed-fund-teams/seamap-tech,No Info Found,No Info Found
SeeWall,https://www.cityu.edu.hk/hktech300/seewall,No Info Found,seewall1.0@gmail.com
SensAI Limited,https://www.cityu.edu.hk/hktech300/start-ups/seed-fund-teams/sensai-limited,No Info Found,No Info Found
Sensus Technology Limited,https://www.cityu.edu.hk/hktech300/start-ups/sensus-technology-limited,No Info Found,admin@sensus-tech.com
SENtoR,https://www.cityu.edu.hk/hktech300/start-ups/seed-fund-teams/sentor,No Info Found,sentor.stot@gmail.com
Seth Biotech Limited,https://www.cityu.edu.hk/hktech300/start-ups/seth-biotech-limited,https://sethbiotech.com/,sethbiotech@gmail.com
SFIDA,https://www.cityu.edu.hk/hktech300/start-ups/seed-fund-teams/sfida,No Info Found,sfida2022@outlook.com
SHARETaxi,https://www.cityu.edu.hk/hktech300/start-ups/seed-fund-teams/sharetaxi,No Info Found,No Info Found
SHARLO,https://www.cityu.edu.hk/hktech300/start-ups/seed-fund-teams/sharlo,No Info Found,No Info Found
Sharpsight Limited,https://www.cityu.edu.hk/hktech300/start-ups/sharpsight-limited,https://sharpsight.hk/,info@sharpsight.hk
Shines,https://www.cityu.edu.hk/hktech300/start-ups/seed-fund-teams/shines,No Info Found,No Info Found
SHM,https://www.cityu.edu.hk/hktech300/start-ups/seed-fund-teams/shm,No Info Found,zhengyifu3-c@my.cityu.edu.hk
Silvermarlin Technologies Limited,https://www.cityu.edu.hk/hktech300/start-ups/seed-fund-teams/silvermarlin-technologies-limited,No Info Found,No Info Found
Sisyphii,https://www.cityu.edu.hk/hktech300/start-ups/seed-fund-teams/sisyphii,No Info Found,mahejabeen.nidhi@gmail.com
SIVA Tech,https://www.cityu.edu.hk/hktech300/start-ups/seed-fund-teams/siva-tech,No Info Found,info@sivatech.co
Small Molecule-based Therapeutic Intervention for Nervous System Repair,https://www.cityu.edu.hk/hktech300/start-ups/seed-fund-teams/small-molecule-based-therapeutic-intervention-nervous-system-repair,No Info Found,nganpanau2@cityu.edu.hk
Smart Ignite Technology Limited,https://www.cityu.edu.hk/hktech300/start-ups/smart-ignite-technology-limited,No Info Found,aishoukonghuan@163.com
Smart Medical Cooling Device,https://www.cityu.edu.hk/hktech300/start-ups/seed-fund-teams/smart-medical-cooling-device,No Info Found,haykoze2021@gmail.com
Smart microfluidics,https://www.cityu.edu.hk/hktech300/start-ups/seed-fund-teams/smart-microfluidics,No Info Found,No Info Found
Smart Ocean IOT,https://www.cityu.edu.hk/hktech300/start-ups/seed-fund-teams/smart-ocean-iot,No Info Found,No Info Found
Smart sponge,https://www.cityu.edu.hk/hktech300/start-ups/seed-fund-teams/smart-sponge,No Info Found,tech300sponge@gmail.com
Smart toilet (smart digital public restroom system),https://www.cityu.edu.hk/hktech300/start-ups/seed-fund-teams/smart-toilet,No Info Found,zwbie2-c@my.cityu.edu.hk
Smart Wearable Pulse Monitoring Wristband,https://www.cityu.edu.hk/hktech300/start-ups/seed-fund-teams/smart-wearable-pulse-monitoring-wristband,https://we4tcm.com/,Szhang369-c@my.cityu.edu.hk
SmartGini,https://www.cityu.edu.hk/hktech300/start-ups/seed-fund-teams/smartgini,No Info Found,irisyau1913@gmail.com
SmartHeart,https://www.cityu.edu.hk/hktech300/start-ups/seed-fund-teams/smartheart,No Info Found,No Info Found
Smarthon Limited,https://www.cityu.edu.hk/hktech300/start-ups/smarthon-limited,https://www.smarthon.cc/,info@smarthon.cc
Snaildy Education Limited,https://www.cityu.edu.hk/hktech300/start-ups/angel-fund-teams/snaildy-education-limited,https://www.snaildy.com/,info@snaildy.com
SnapFeedback Limited,https://www.cityu.edu.hk/hktech300/start-ups/angel-fund-teams/snapfeedback-limited,No Info Found,contact@snapfeedback.co
SnapGlasses,https://www.cityu.edu.hk/hktech300/start-ups/seed-fund-teams/snapglasses,No Info Found,angus.auyeung@hotmail.com
Soasis – Donation Platform,https://www.cityu.edu.hk/hktech300/start-ups/seed-fund-teams/soasis-donation-platform,No Info Found,No Info Found
Soc Pay online fundraising platform,https://www.cityu.edu.hk/hktech300/start-ups/seed-fund-teams/soc-pay-online-fundraising-platform,No Info Found,socpay2023@gmail.com
Sodium Energy,https://www.cityu.edu.hk/hktech300/start-ups/seed-fund-teams/sodium-energy,No Info Found,No Info Found
Software for Automatic and Optimised Submarine Cable Path Planning and System Design for Cost Effectiveness and Resilience,https://www.cityu.edu.hk/hktech300/start-ups/seed-fund-teams/submarine-cable-path-planning-and-system-design,http://www.ee.cityu.edu.hk/~zukerman/cable_system_optimization.htm,subcable2022@163.com
Solar Harvesting Window for Green Buildings,https://www.cityu.edu.hk/hktech300/start-ups/seed-fund-teams/solar-harvesting-window,No Info Found,sunlitetechnologyhk@gmail.com
Solar-Rainy Generator,https://www.cityu.edu.hk/hktech300/start-ups/seed-fund-teams/solar-rainy-generator,No Info Found,rainsolar.energy@gmail.com
SOLAR.E Tech LIMITED,https://www.cityu.edu.hk/hktech300/start-ups/solare-tech-limited,No Info Found,No Info Found
SOURCY Global Private Limited,https://www.cityu.edu.hk/hktech300/start-ups/sourcy-global-private-limited,https://www.sourcy.ai/,No Info Found
SparkCircle,https://www.cityu.edu.hk/hktech300/start-ups/seed-fund-teams/sparkcircle,https://sparkcircle.io/,contact@sparkcircle.io
SparkN,https://www.cityu.edu.hk/hktech300/start-ups/seed-fund-teams/sparkn,No Info Found,sparkn.coaching@gmail.com
SparksUP,https://www.cityu.edu.hk/hktech300/start-ups/seed-fund-teams/sparksup,No Info Found,sparksup035@gmail.com
Speakmanity Limited,https://www.cityu.edu.hk/hktech300/start-ups/speakmanity-limited,https://www.careerhackers.io/employers/,info@careerhackers.io
SPIRIT - smart spinal rehabilitation therapist,https://www.cityu.edu.hk/hktech300/start-ups/seed-fund-teams/spirit,No Info Found,huanqi.yang@my.cityu.edu.hk
SponSir!,https://www.cityu.edu.hk/hktech300/start-ups/seed-fund-teams/sponsir,No Info Found,No Info Found
Sramek Insight Limited,https://www.cityu.edu.hk/hktech300/start-ups/angel-fund-teams/sramekinsight,http://www.sramekinsight.com/,toneylam@sramekgroup.com
STAR LINK,https://www.cityu.edu.hk/hktech300/start-ups/seed-fund-teams/star-link,No Info Found,No Info Found
Starkid Limited,https://www.cityu.edu.hk/hktech300/start-ups/angel-fund-teams/starkid-limited,https://www.starkid.com.hk/,admin@starkid.com.hk
StarStuck,https://www.cityu.edu.hk/hktech300/start-ups/seed-fund-teams/starstuck,No Info Found,jocey.ngan@gmail.com
Startie,https://www.cityu.edu.hk/hktech300/start-ups/seed-fund-teams/startie,No Info Found,brianlam813.business@gmail.com
"Stemtitute Education & Technology Co., Ltd.",https://www.cityu.edu.hk/hktech300/start-ups/angel-fund-teams/stemtitute,https://www.stemtitute.com/,stemtitutecontact@gmail.com
Storius Limited,https://www.cityu.edu.hk/hktech300/start-ups/angel-fund-teams/storius-limited,https://hk.storiusapp.com/,hello@storius.app
Story Based Language Learning Game,https://www.cityu.edu.hk/hktech300/start-ups/seed-fund-teams/story-based-language-learning-game,No Info Found,No Info Found
Stroke risk-assessment model,https://www.cityu.edu.hk/hktech300/start-ups/seed-fund-teams/stroke-risk-assessment-model,No Info Found,No Info Found
Structured Thermal Armour,https://www.cityu.edu.hk/hktech300/start-ups/seed-fund-teams/structured-thermal-armour,No Info Found,jiangmengnan@126.com
Study abroad,https://www.cityu.edu.hk/hktech300/start-ups/seed-fund-teams/study-abroad,No Info Found,yimintang3-c@my.cityu.edu.hk
Styoolish,https://www.cityu.edu.hk/hktech300/start-ups/seed-fund-teams/styoolish,https://www.styoolish.com,info@matchalike.com
SuiGor,https://www.cityu.edu.hk/hktech300/start-ups/seed-fund-teams/suigor,https://www.suigor.hk/,helpme@suigor.hk
Sundial Yoga & Wellness,https://www.cityu.edu.hk/hktech300/start-ups/seed-fund-teams/sundial-yoga-wellness,No Info Found,852sundial@gmail.com
Sunkissed Team,https://www.cityu.edu.hk/hktech300/start-ups/seed-fund-teams/sunkissed-team,No Info Found,No Info Found
Super Bamboo Limited,https://www.cityu.edu.hk/hktech300/start-ups/angel-fund-teams/thesuperbamboo,https://www.thesuperbamboo.com/,info@thesuperbamboo.com
Superwrap,https://www.cityu.edu.hk/hktech300/start-ups/seed-fund-teams/superwrap,No Info Found,marketing@superwraphk.com
SuperYang Sensor Tech,https://www.cityu.edu.hk/hktech300/start-ups/seed-fund-teams/superyang-sensor-tech,No Info Found,yluo24-c@my.cityu.edu.hk
SurfBiotech,https://www.cityu.edu.hk/hktech300/start-ups/seed-fund-teams/surfbiotech,No Info Found,vsurfgreen@gmail.com
Surpass,https://www.cityu.edu.hk/hktech300/start-ups/seed-fund-teams/surpass,https://surpass.hk,team@surpass.hk
Sustainability Tech Centre,https://www.cityu.edu.hk/hktech300/start-ups/seed-fund-teams/sustainability-tech-centre,https://www.regtitude.com/,info@regtitude.com
Susy,https://www.cityu.edu.hk/hktech300/start-ups/seed-fund-teams/susy,No Info Found,susyecohk@gmail.com
Swiftour,https://www.cityu.edu.hk/hktech300/start-ups/seed-fund-teams/swiftour,No Info Found,No Info Found
Syngular Technology Limited,https://www.cityu.edu.hk/hktech300/start-ups/angel-fund-teams/syngular-technology-limited,https://www.syngular.com.hk/,lsze@syngular.com.hk
TA – Talent Exchange Dating App,https://www.cityu.edu.hk/hktech300/start-ups/seed-fund-teams/ta-talent-exchange-dating-app,No Info Found,No Info Found
Tagee,https://www.cityu.edu.hk/hktech300/start-ups/seed-fund-teams/tagee,https://tagee.biz/,globalist51@gmail.com
TailorLab,https://www.cityu.edu.hk/hktech300/start-ups/seed-fund-teams/tailorlab,No Info Found,tailorlab.hk@gmail.com
TalentLabs Full-stack Tech Career Platform,https://www.cityu.edu.hk/hktech300/start-ups/seed-fund-teams/talentlabs-full-stack-tech-career-platform,No Info Found,No Info Found
Tangi NFTs Trading Platform,https://www.cityu.edu.hk/hktech300/start-ups/seed-fund-teams/tangi-nft-trading-platform,No Info Found,seoland@protonmail.com
Tangram Dynamics Robotic,https://www.cityu.edu.hk/hktech300/start-ups/seed-fund-teams/tangram-dynamics-robotic,No Info Found,No Info Found
Taron Solutions Limited,https://www.cityu.edu.hk/hktech300/start-ups/taron-solutions-limited,https://www.taronsolutions.com/,info@taronsolutions.com
Team HARmony – OptimEYEZ,https://www.cityu.edu.hk/hktech300/start-ups/seed-fund-teams/team-harmony-optimeyez,No Info Found,No Info Found
Team Pawsitive,https://www.cityu.edu.hk/hktech300/start-ups/seed-fund-teams/team-pawsitive,No Info Found,No Info Found
Tech Boss,https://www.cityu.edu.hk/hktech300/start-ups/seed-fund-teams/tech-boss,https://www.techboss.app/,hello@techboss.app
Tech Guy Mart,https://www.cityu.edu.hk/hktech300/start-ups/seed-fund-teams/tech-guy-mart,No Info Found,techguymart@gmail.com
Technic Essential Insurtech,https://www.cityu.edu.hk/hktech300/start-ups/seed-fund-teams/technic-essential-insurtech,No Info Found,No Info Found
Tectechain,https://www.cityu.edu.hk/hktech300/start-ups/seed-fund-teams/tectechain,No Info Found,daniel.au@tectechain.com
TeenShare,https://www.cityu.edu.hk/hktech300/start-ups/seed-fund-teams/teenshare,https://teensharehk.com/,Louisli@teensharehk.com
The Achievers,https://www.cityu.edu.hk/hktech300/achievers,No Info Found,kokennyor@gmail.com
The Furry Project,https://www.cityu.edu.hk/hktech300/start-ups/seed-fund-teams/furry-project,No Info Found,dafurryproject@gmail.com
The Grind Limited,https://www.cityu.edu.hk/hktech300/start-ups/seed-fund-teams/the-grind-limited,https://www.thegrind-app.com/,info@thegrind-app.com
The Next Page,https://www.cityu.edu.hk/hktech300/start-ups/seed-fund-teams/the-next-page,No Info Found,kurt.t@nextchapterhk.com
The Port,https://www.cityu.edu.hk/hktech300/start-ups/seed-fund-teams/the-port,No Info Found,lmhpun2-c@my.cityu.edu.hk
The Urban Engine,https://www.cityu.edu.hk/hktech300/start-ups/seed-fund-teams/the-urban-engine,No Info Found,No Info Found
Theyta Limited,https://www.cityu.edu.hk/hktech300/start-ups/theyta-limited,No Info Found,rova@theyta.com
Ti-TENT LIMITED,https://www.cityu.edu.hk/hktech300/start-ups/seed-fund-teams/ti-tent-limited,https://ti-tent.com/,atlantisko666@gmail.com
Tickfresh Marketplace Limited,https://www.cityu.edu.hk/hktech300/start-ups/seed-fund-teams/tickfresh-marketplace-limited,No Info Found,No Info Found
TimeSeed,https://www.cityu.edu.hk/hktech300/start-ups/seed-fund-teams/timeseed,No Info Found,No Info Found
Tinkey,https://www.cityu.edu.hk/hktech300/start-ups/seed-fund-teams/tinkey,https://www.instagram.com/travel.with.tinkey/,Vanessa.cheng@dxtraveler.com
Tiny Ingestible Robot for Targeted Digestive Disease Therapy,https://www.cityu.edu.hk/hktech300/start-ups/seed-fund-teams/tiny-ingestible-robot-targeted-digestive-disease-therapy,No Info Found,2945571877@qq.com
Toast Dynamics Limited,https://www.cityu.edu.hk/hktech300/start-ups/toast-dynamics-limited,http://www.toastdynamics.com/,toastdynamicslimited@gmail.com
Together,https://www.cityu.edu.hk/hktech300/start-ups/seed-fund-teams/together,No Info Found,wschan553-c@my.cityu.edu.hk
Tolo Digitech Limited,https://www.cityu.edu.hk/hktech300/start-ups/tolo-digitech-limited,No Info Found,No Info Found
Tolo Partners Limited,https://www.cityu.edu.hk/hktech300/start-ups/angel-fund-teams/tolo-partners-limited,https://pro.artify.one/#/,No Info Found
Tonicport,https://www.cityu.edu.hk/hktech300/start-ups/seed-fund-teams/tonicport,https://www.otechku.com/,otechkustudio@gmail.com
Tonoarteriography-based Close-Loop Drug Delivery Device for the Monitoring and Therapy of Hypertension,https://www.cityu.edu.hk/hktech300/start-ups/seed-fund-teams/tonoarteriography-based-close-loop-drug-delivery-device,No Info Found,No Info Found
Touch VR e-skin for Metaverse,https://www.cityu.edu.hk/hktech300/start-ups/seed-fund-teams/touch-vr-e-skin,No Info Found,xingeyu@cityu.edu.hk
Transparent Antenna for Millimeter-Wave Radar in Autonomous Driving,https://www.cityu.edu.hk/hktech300/start-ups/seed-fund-teams/transparent-antenna,No Info Found,daniel_0807@163.com
Treely Air Technology Limited,https://www.cityu.edu.hk/hktech300/start-ups/angel-fund-teams/treely-air-technology-limited,https://treelyair.com/,csf@treelyair.com
Trendsetter,https://www.cityu.edu.hk/hktech300/start-ups/seed-fund-teams/trendsetter,No Info Found,2021eservice@gmail.com
Trendy Dino,https://www.cityu.edu.hk/hktech300/start-ups/seed-fund-teams/trendy-dino,No Info Found,No Info Found
Triceratops – Project Hotel X,https://www.cityu.edu.hk/hktech300/start-ups/seed-fund-teams/triceratops-project-hotel-x,No Info Found,No Info Found
Tutordeo,https://www.cityu.edu.hk/hktech300/start-ups/seed-fund-teams/tutordeo,No Info Found,tutordeo.io@gmail.com
Two-way air conditioner controller and related automation solutions with air conditioner,https://www.cityu.edu.hk/hktech300/start-ups/seed-fund-teams/two-way-air-conditioner-controller,No Info Found,No Info Found
Ubivox Limited,https://www.cityu.edu.hk/hktech300/start-ups/angel-fund-teams/uvibox-limited,https://www.ubivox.com.hk/,info@ubivox.com.hk
Ugly Duckling Online Music Education,https://www.cityu.edu.hk/hktech300/start-ups/seed-fund-teams/ugly-duckling-online-music-education,No Info Found,Xinerfin@gmail.com
Unframed – NFC Web Link,https://www.cityu.edu.hk/hktech300/start-ups/seed-fund-teams/unframed-nfc-web-link,No Info Found,admin@unframed.hk
Uniprint,https://www.cityu.edu.hk/hktech300/start-ups/seed-fund-teams/uniprint,https://www.uniprinthk.com/,info@uniprint.co
UniVision,https://www.cityu.edu.hk/hktech300/start-ups/seed-fund-teams/univision,http://univision.hk/,admin@univision.hk
UnoCryptoFace,https://www.cityu.edu.hk/hktech300/start-ups/seed-fund-teams/unocryptoface,No Info Found,No Info Found
UP Tech,https://www.cityu.edu.hk/hktech300/start-ups/seed-fund-teams/up-tech,No Info Found,eckel_zhang@163.com
UpWatch,https://www.cityu.edu.hk/hktech300/start-ups/seed-fund-teams/upwatch,https://upwatch.com.hk/,info@upwatch.com.hk
Vertex,https://www.cityu.edu.hk/hktech300/vertex,No Info Found,vertexinnotech@gmail.com
VeTrackr Limited,https://www.cityu.edu.hk/hktech300/start-ups/angel-fund-teams/vetrackr,https://vetrackr.com/,info@vetrackr.com
Video-based Automated Epileptic Seizure Recognition System of Mice Model for Drug Development - Neural Motion,https://www.cityu.edu.hk/hktech300/start-ups/seed-fund-teams/epileptic-seizure-recognition-system,No Info Found,junminren2-c@my.cityu.edu.hk
VINCI AI,https://www.cityu.edu.hk/hktech300/start-ups/seed-fund-teams/vinci-ai,https://vinciai.academy/,lpcheung@vinciai.academy
VirStrain,https://www.cityu.edu.hk/hktech300/start-ups/seed-fund-teams/virstrain,No Info Found,Heruiliao2-c@my.cityu.edu.hk
Vision AI Engineering Limited,https://www.cityu.edu.hk/hktech300/start-ups/seed-fund-teams/vision-ai-engineering-limited,No Info Found,info@visionaiengineering.com
Vision Carbon Limited,https://www.cityu.edu.hk/hktech300/start-ups/angel-fund-teams/vision-carbon-limited,https://www.visioncarbon.net/,kyrie.luo@visioncarbon.net
Vismed Training Limited,https://www.cityu.edu.hk/hktech300/start-ups/vismed-training-limited,https://www.vismed.tech/,No Info Found
Vismed Training Limited,https://www.cityu.edu.hk/hktech300/start-ups/seed-fund-teams/vismed-training-limited,No Info Found,vismed.hk@gmail.com
Vista Innotech Ltd,https://www.cityu.edu.hk/hktech300/start-ups/vista-innotech-ltd,https://www.vit.com.hk/,info@vit.com.hk
Vivablee,https://www.cityu.edu.hk/hktech300/start-ups/seed-fund-teams/vivablee,https://www.vivablee.com/,info@vivablee.com
Volar Air Mobility,https://www.cityu.edu.hk/hktech300/start-ups/seed-fund-teams/volar-air-mobility,No Info Found,No Info Found
VR Community Tour,https://www.cityu.edu.hk/hktech300/start-ups/seed-fund-teams/vr-community-tour,https://kaifongtour.com/,info@kaifongtour.com
Vuzec Limited,https://www.cityu.edu.hk/hktech300/start-ups/angel-fund-teams/vuzec,https://vuzec.com/,contact@vuzec.com
Wanmeng Tech Limited,https://www.cityu.edu.hk/hktech300/start-ups/wanmeng-tech-limited,No Info Found,No Info Found
Waste2Build,https://www.cityu.edu.hk/hktech300/start-ups/seed-fund-teams/waste2build,https://www.bsfi.ltd/,info@bsfi.ltd
Wed.Vision,https://www.cityu.edu.hk/hktech300/start-ups/seed-fund-teams/wed.vision,No Info Found,wed.vision@yahoo.com
WeExpand – Virtual Sales Platform,https://www.cityu.edu.hk/hktech300/start-ups/seed-fund-teams/weexpand,https://www.weexpand.co/,Raymond.mak@weexpand.co
WeKnow Tech,https://www.cityu.edu.hk/hktech300/start-ups/seed-fund-teams/weknow-tech,https://www.samcityu.com/weknowtech,hed115599@gmail.com
Wellplayed,https://www.cityu.edu.hk/hktech300/start-ups/seed-fund-teams/wellplayed,No Info Found,teamwellplayed@protonmail.com
WeShip,https://www.cityu.edu.hk/hktech300/start-ups/seed-fund-teams/weship,No Info Found,info@weship.ltd
Wheel Real Experience,https://www.cityu.edu.hk/hktech300/start-ups/seed-fund-teams/wheel-real-experience,No Info Found,wheelrealexperience@gmail.com
Wine Secret AI Team – AI Sommelier,https://www.cityu.edu.hk/hktech300/start-ups/seed-fund-teams/wine-secret-ai-team-ai-sommelier,No Info Found,No Info Found
